/*==============================================================*/
/* REF Schema: Reference Table Data                             */
/*==============================================================*/

/*==============================================================*/
/* Table: lkup_tabl                                             */
/*==============================================================*/

insert into LKUP_TABL (LKUP_TABL_ID, LKUP_TABL_NAME, LKUP_TABL_DESC, CRT_USER_ID, CRT_TMSTMP) values (1, 'Entity Type Codes', 'The codes for different entities in the database.', 'mnicholson@ntelx.com', '2016-04-25 18:35:39');
insert into LKUP_TABL (LKUP_TABL_ID, LKUP_TABL_NAME, LKUP_TABL_DESC, CRT_USER_ID, CRT_TMSTMP) values (2, 'Address Type Codes', 'The codes for address types used by the application.', 'mnicholson@ntelx.com', '2016-04-25 18:04:37');
insert into LKUP_TABL (LKUP_TABL_ID, LKUP_TABL_NAME, LKUP_TABL_DESC, CRT_USER_ID, CRT_TMSTMP) values (3, 'Country Codes', 'The two character codes (ISO 3166-1 alpha-2) for all applicable countries in the database.', 'mnicholson@ntelx.com', '2016-04-25 18:04:37');
insert into LKUP_TABL (LKUP_TABL_ID, LKUP_TABL_NAME, LKUP_TABL_DESC, CRT_USER_ID, CRT_TMSTMP) values (4, 'US State Codes', 'The codes for all applicable US States and Territories.', 'mnicholson@ntelx.com', '2016-04-25 18:04:37');
insert into LKUP_TABL (LKUP_TABL_ID, LKUP_TABL_NAME, LKUP_TABL_DESC, CRT_USER_ID, CRT_TMSTMP) values (5, 'Client DOL Neighboring State Codes', 'The codes representing the US States considered neighbors to the client DOL states.', 'mnicholson@ntelx.com', '2016-04-25 18:04:37');
insert into LKUP_TABL (LKUP_TABL_ID, LKUP_TABL_NAME, LKUP_TABL_DESC, CRT_USER_ID, CRT_TMSTMP) values (6, 'Claimant Attribute Type Codes', 'The codes representing the types of claimant attributes that can be collected.', 'mnicholson@ntelx.com', '2016-04-25 18:04:37');
insert into LKUP_TABL (LKUP_TABL_ID, LKUP_TABL_NAME, LKUP_TABL_DESC, CRT_USER_ID, CRT_TMSTMP) values (7, 'Claimant Attribute Sub Type Codes', 'The sub type codes for the types of claimant attributes that can be collected.', 'mnicholson@ntelx.com', '2016-04-25 18:04:37');
insert into LKUP_TABL (LKUP_TABL_ID, LKUP_TABL_NAME, LKUP_TABL_DESC, CRT_USER_ID, CRT_TMSTMP) values (8, 'Session Entity Type Code', 'The codes for different entities in the database that can be associated with a session.', 'mnicholson@ntelx.com', '2016-04-25 18:04:37');
insert into LKUP_TABL (LKUP_TABL_ID, LKUP_TABL_NAME, LKUP_TABL_DESC, CRT_USER_ID, CRT_TMSTMP) values (9, 'Separation Reason Code', 'The codes for reasons for employment separation.', 'mnicholson@ntelx.com', '2016-04-25 18:04:37');
insert into LKUP_TABL (LKUP_TABL_ID, LKUP_TABL_NAME, LKUP_TABL_DESC, CRT_USER_ID, CRT_TMSTMP) values (10, 'Education Level Code', 'The codes for education levels.', 'mnicholson@ntelx.com', '2016-04-25 18:04:37');
insert into LKUP_TABL (LKUP_TABL_ID, LKUP_TABL_NAME, LKUP_TABL_DESC, CRT_USER_ID, CRT_TMSTMP) values (11, 'Workers Compensation Code', 'The codes for workers compensation.', 'mnicholson@ntelx.com', '2016-04-25 18:04:37');
insert into LKUP_TABL (LKUP_TABL_ID, LKUP_TABL_NAME, LKUP_TABL_DESC, CRT_USER_ID, CRT_TMSTMP) values (12, 'Pension Code', 'The codes for pension plans.', 'mnicholson@ntelx.com', '2016-04-25 18:04:37');
insert into LKUP_TABL (LKUP_TABL_ID, LKUP_TABL_NAME, LKUP_TABL_DESC, CRT_USER_ID, CRT_TMSTMP) values (13, 'Income Type Code', 'The codes for income types.', 'mnicholson@ntelx.com', '2016-04-25 18:04:37');
insert into LKUP_TABL (LKUP_TABL_ID, LKUP_TABL_NAME, LKUP_TABL_DESC, CRT_USER_ID, CRT_TMSTMP) values (14, 'Payment Type Code', 'The code for payment types.', 'mnicholson@ntelx.com', '2016-04-25 18:04:37');
insert into LKUP_TABL (LKUP_TABL_ID, LKUP_TABL_NAME, LKUP_TABL_DESC, CRT_USER_ID, CRT_TMSTMP) values (15, 'Payment Program Code', 'The codes for the payment programs.', 'mnicholson@ntelx.com', '2016-04-25 18:04:37');
insert into LKUP_TABL (LKUP_TABL_ID, LKUP_TABL_NAME, LKUP_TABL_DESC, CRT_USER_ID, CRT_TMSTMP) values (16, 'Overpayment Reason Code', 'The codes for the reasons for overpayments.', 'mnicholson@ntelx.com', '2016-04-25 18:04:37');
insert into LKUP_TABL (LKUP_TABL_ID, LKUP_TABL_NAME, LKUP_TABL_DESC, CRT_USER_ID, CRT_TMSTMP) values (17, 'Overpayment Program Code', 'The codes for the original payment program for overpayments.', 'mnicholson@ntelx.com', '2016-04-25 18:04:37');
insert into LKUP_TABL (LKUP_TABL_ID, LKUP_TABL_NAME, LKUP_TABL_DESC, CRT_USER_ID, CRT_TMSTMP) values (18, 'IP Connection Type Code', 'The codes for the type of connection of an IP address.', 'bmorrison@ntelx.com', '2016-08-26 16:11:10');
insert into LKUP_TABL (LKUP_TABL_ID, LKUP_TABL_NAME, LKUP_TABL_DESC, CRT_USER_ID, CRT_TMSTMP) values (19, 'IP Subscriber Type Code', 'The codes for the type of subscriber of an IP address.', 'bmorrison@ntelx.com', '2016-08-26 16:11:10');

/*==============================================================*/
/* Table: lkup_cd                                               */
/*==============================================================*/

insert into LKUP_CD (LKUP_TABL_ID, LKUP_CD, LKUP_VAL, CRT_USER_ID, CRT_TMSTMP) values (1, 'CLAIMT', 'Claimant', 'mnicholson@ntelx.com', '2016-04-25 18:17:32');
insert into LKUP_CD (LKUP_TABL_ID, LKUP_CD, LKUP_VAL, CRT_USER_ID, CRT_TMSTMP) values (1, 'EMPLR', 'Employer', 'mnicholson@ntelx.com', '2016-04-25 18:17:32');
insert into LKUP_CD (LKUP_TABL_ID, LKUP_CD, LKUP_VAL, CRT_USER_ID, CRT_TMSTMP) values (2, 'FILG', 'Filing Address', 'mnicholson@ntelx.com', '2016-04-25 18:17:32');
insert into LKUP_CD (LKUP_TABL_ID, LKUP_CD, LKUP_VAL, CRT_USER_ID, CRT_TMSTMP) values (2, 'RESD', 'Residence Address', 'mnicholson@ntelx.com', '2016-04-25 18:17:32');
insert into LKUP_CD (LKUP_TABL_ID, LKUP_CD, LKUP_VAL, CRT_USER_ID, CRT_TMSTMP) values (2, 'PHYS', 'Physical Address', 'mnicholson@ntelx.com', '2016-04-25 18:17:32');
insert into LKUP_CD (LKUP_TABL_ID, LKUP_CD, LKUP_VAL, CRT_USER_ID, CRT_TMSTMP) values (2, 'MAIL', 'Mailing Address', 'mnicholson@ntelx.com', '2016-04-25 18:17:32');
insert into LKUP_CD (LKUP_TABL_ID, LKUP_CD, LKUP_VAL, CRT_USER_ID, CRT_TMSTMP) values (3, 'AD', 'Andorra', 'mnicholson@ntelx.com', '2016-04-25 18:17:32');
insert into LKUP_CD (LKUP_TABL_ID, LKUP_CD, LKUP_VAL, CRT_USER_ID, CRT_TMSTMP) values (3, 'AE', 'United Arab Emirates', 'mnicholson@ntelx.com', '2016-04-25 18:17:32');
insert into LKUP_CD (LKUP_TABL_ID, LKUP_CD, LKUP_VAL, CRT_USER_ID, CRT_TMSTMP) values (3, 'AF', 'Afghanistan', 'mnicholson@ntelx.com', '2016-04-25 18:17:32');
insert into LKUP_CD (LKUP_TABL_ID, LKUP_CD, LKUP_VAL, CRT_USER_ID, CRT_TMSTMP) values (3, 'AG', 'Antigua and Barbuda', 'mnicholson@ntelx.com', '2016-04-25 18:17:32');
insert into LKUP_CD (LKUP_TABL_ID, LKUP_CD, LKUP_VAL, CRT_USER_ID, CRT_TMSTMP) values (3, 'AI', 'Anguilla', 'mnicholson@ntelx.com', '2016-04-25 18:17:32');
insert into LKUP_CD (LKUP_TABL_ID, LKUP_CD, LKUP_VAL, CRT_USER_ID, CRT_TMSTMP) values (3, 'AL', 'Albania', 'mnicholson@ntelx.com', '2016-04-25 18:17:32');
insert into LKUP_CD (LKUP_TABL_ID, LKUP_CD, LKUP_VAL, CRT_USER_ID, CRT_TMSTMP) values (3, 'AM', 'Armenia', 'mnicholson@ntelx.com', '2016-04-25 18:17:32');
insert into LKUP_CD (LKUP_TABL_ID, LKUP_CD, LKUP_VAL, CRT_USER_ID, CRT_TMSTMP) values (3, 'AO', 'Angola', 'mnicholson@ntelx.com', '2016-04-25 18:17:32');
insert into LKUP_CD (LKUP_TABL_ID, LKUP_CD, LKUP_VAL, CRT_USER_ID, CRT_TMSTMP) values (3, 'AQ', 'Antarctica', 'mnicholson@ntelx.com', '2016-04-25 18:17:32');
insert into LKUP_CD (LKUP_TABL_ID, LKUP_CD, LKUP_VAL, CRT_USER_ID, CRT_TMSTMP) values (3, 'AR', 'Argentina', 'mnicholson@ntelx.com', '2016-04-25 18:17:32');
insert into LKUP_CD (LKUP_TABL_ID, LKUP_CD, LKUP_VAL, CRT_USER_ID, CRT_TMSTMP) values (3, 'AS', 'American Samoa', 'mnicholson@ntelx.com', '2016-04-25 18:17:32');
insert into LKUP_CD (LKUP_TABL_ID, LKUP_CD, LKUP_VAL, CRT_USER_ID, CRT_TMSTMP) values (3, 'AT', 'Austria', 'mnicholson@ntelx.com', '2016-04-25 18:17:32');
insert into LKUP_CD (LKUP_TABL_ID, LKUP_CD, LKUP_VAL, CRT_USER_ID, CRT_TMSTMP) values (3, 'AU', 'Australia', 'mnicholson@ntelx.com', '2016-04-25 18:17:32');
insert into LKUP_CD (LKUP_TABL_ID, LKUP_CD, LKUP_VAL, CRT_USER_ID, CRT_TMSTMP) values (3, 'AW', 'Aruba', 'mnicholson@ntelx.com', '2016-04-25 18:17:32');
insert into LKUP_CD (LKUP_TABL_ID, LKUP_CD, LKUP_VAL, CRT_USER_ID, CRT_TMSTMP) values (3, 'AX', 'Åland Islands', 'mnicholson@ntelx.com', '2016-04-25 18:17:32');
insert into LKUP_CD (LKUP_TABL_ID, LKUP_CD, LKUP_VAL, CRT_USER_ID, CRT_TMSTMP) values (3, 'AZ', 'Azerbaijan', 'mnicholson@ntelx.com', '2016-04-25 18:17:32');
insert into LKUP_CD (LKUP_TABL_ID, LKUP_CD, LKUP_VAL, CRT_USER_ID, CRT_TMSTMP) values (3, 'BA', 'Bosnia and Herzegovina', 'mnicholson@ntelx.com', '2016-04-25 18:17:32');
insert into LKUP_CD (LKUP_TABL_ID, LKUP_CD, LKUP_VAL, CRT_USER_ID, CRT_TMSTMP) values (3, 'BB', 'Barbados', 'mnicholson@ntelx.com', '2016-04-25 18:17:32');
insert into LKUP_CD (LKUP_TABL_ID, LKUP_CD, LKUP_VAL, CRT_USER_ID, CRT_TMSTMP) values (3, 'BD', 'Bangladesh', 'mnicholson@ntelx.com', '2016-04-25 18:17:32');
insert into LKUP_CD (LKUP_TABL_ID, LKUP_CD, LKUP_VAL, CRT_USER_ID, CRT_TMSTMP) values (3, 'BE', 'Belgium', 'mnicholson@ntelx.com', '2016-04-25 18:17:32');
insert into LKUP_CD (LKUP_TABL_ID, LKUP_CD, LKUP_VAL, CRT_USER_ID, CRT_TMSTMP) values (3, 'BF', 'Burkina Faso', 'mnicholson@ntelx.com', '2016-04-25 18:17:32');
insert into LKUP_CD (LKUP_TABL_ID, LKUP_CD, LKUP_VAL, CRT_USER_ID, CRT_TMSTMP) values (3, 'BG', 'Bulgaria', 'mnicholson@ntelx.com', '2016-04-25 18:17:32');
insert into LKUP_CD (LKUP_TABL_ID, LKUP_CD, LKUP_VAL, CRT_USER_ID, CRT_TMSTMP) values (3, 'BH', 'Bahrain', 'mnicholson@ntelx.com', '2016-04-25 18:17:32');
insert into LKUP_CD (LKUP_TABL_ID, LKUP_CD, LKUP_VAL, CRT_USER_ID, CRT_TMSTMP) values (3, 'BI', 'Burundi', 'mnicholson@ntelx.com', '2016-04-25 18:17:32');
insert into LKUP_CD (LKUP_TABL_ID, LKUP_CD, LKUP_VAL, CRT_USER_ID, CRT_TMSTMP) values (3, 'BJ', 'Benin', 'mnicholson@ntelx.com', '2016-04-25 18:17:32');
insert into LKUP_CD (LKUP_TABL_ID, LKUP_CD, LKUP_VAL, CRT_USER_ID, CRT_TMSTMP) values (3, 'BL', 'Saint Barthélemy', 'mnicholson@ntelx.com', '2016-04-25 18:17:32');
insert into LKUP_CD (LKUP_TABL_ID, LKUP_CD, LKUP_VAL, CRT_USER_ID, CRT_TMSTMP) values (3, 'BM', 'Bermuda', 'mnicholson@ntelx.com', '2016-04-25 18:17:32');
insert into LKUP_CD (LKUP_TABL_ID, LKUP_CD, LKUP_VAL, CRT_USER_ID, CRT_TMSTMP) values (3, 'BN', 'Brunei Darussalam', 'mnicholson@ntelx.com', '2016-04-25 18:17:32');
insert into LKUP_CD (LKUP_TABL_ID, LKUP_CD, LKUP_VAL, CRT_USER_ID, CRT_TMSTMP) values (3, 'BO', 'Bolivia, Plurinational State of', 'mnicholson@ntelx.com', '2016-04-25 18:17:32');
insert into LKUP_CD (LKUP_TABL_ID, LKUP_CD, LKUP_VAL, CRT_USER_ID, CRT_TMSTMP) values (3, 'BQ', 'Bonaire, Sint Eustatius and Saba', 'mnicholson@ntelx.com', '2016-04-25 18:17:32');
insert into LKUP_CD (LKUP_TABL_ID, LKUP_CD, LKUP_VAL, CRT_USER_ID, CRT_TMSTMP) values (3, 'BR', 'Brazil', 'mnicholson@ntelx.com', '2016-04-25 18:17:32');
insert into LKUP_CD (LKUP_TABL_ID, LKUP_CD, LKUP_VAL, CRT_USER_ID, CRT_TMSTMP) values (3, 'BS', 'Bahamas', 'mnicholson@ntelx.com', '2016-04-25 18:17:32');
insert into LKUP_CD (LKUP_TABL_ID, LKUP_CD, LKUP_VAL, CRT_USER_ID, CRT_TMSTMP) values (3, 'BT', 'Bhutan', 'mnicholson@ntelx.com', '2016-04-25 18:17:32');
insert into LKUP_CD (LKUP_TABL_ID, LKUP_CD, LKUP_VAL, CRT_USER_ID, CRT_TMSTMP) values (3, 'BV', 'Bouvet Island', 'mnicholson@ntelx.com', '2016-04-25 18:17:32');
insert into LKUP_CD (LKUP_TABL_ID, LKUP_CD, LKUP_VAL, CRT_USER_ID, CRT_TMSTMP) values (3, 'BW', 'Botswana', 'mnicholson@ntelx.com', '2016-04-25 18:17:32');
insert into LKUP_CD (LKUP_TABL_ID, LKUP_CD, LKUP_VAL, CRT_USER_ID, CRT_TMSTMP) values (3, 'BY', 'Belarus', 'mnicholson@ntelx.com', '2016-04-25 18:17:32');
insert into LKUP_CD (LKUP_TABL_ID, LKUP_CD, LKUP_VAL, CRT_USER_ID, CRT_TMSTMP) values (3, 'BZ', 'Belize', 'mnicholson@ntelx.com', '2016-04-25 18:17:32');
insert into LKUP_CD (LKUP_TABL_ID, LKUP_CD, LKUP_VAL, CRT_USER_ID, CRT_TMSTMP) values (3, 'CA', 'Canada', 'mnicholson@ntelx.com', '2016-04-25 18:17:32');
insert into LKUP_CD (LKUP_TABL_ID, LKUP_CD, LKUP_VAL, CRT_USER_ID, CRT_TMSTMP) values (3, 'CC', 'Cocos (Keeling) Islands', 'mnicholson@ntelx.com', '2016-04-25 18:17:32');
insert into LKUP_CD (LKUP_TABL_ID, LKUP_CD, LKUP_VAL, CRT_USER_ID, CRT_TMSTMP) values (3, 'CD', 'Congo, the Democratic Republic of the', 'mnicholson@ntelx.com', '2016-04-25 18:17:32');
insert into LKUP_CD (LKUP_TABL_ID, LKUP_CD, LKUP_VAL, CRT_USER_ID, CRT_TMSTMP) values (3, 'CF', 'Central African Republic', 'mnicholson@ntelx.com', '2016-04-25 18:17:32');
insert into LKUP_CD (LKUP_TABL_ID, LKUP_CD, LKUP_VAL, CRT_USER_ID, CRT_TMSTMP) values (3, 'CG', 'Congo', 'mnicholson@ntelx.com', '2016-04-25 18:17:32');
insert into LKUP_CD (LKUP_TABL_ID, LKUP_CD, LKUP_VAL, CRT_USER_ID, CRT_TMSTMP) values (3, 'CH', 'Switzerland', 'mnicholson@ntelx.com', '2016-04-25 18:17:32');
insert into LKUP_CD (LKUP_TABL_ID, LKUP_CD, LKUP_VAL, CRT_USER_ID, CRT_TMSTMP) values (3, 'CI', 'Côte d''Ivoire', 'mnicholson@ntelx.com', '2016-04-25 18:17:32');
insert into LKUP_CD (LKUP_TABL_ID, LKUP_CD, LKUP_VAL, CRT_USER_ID, CRT_TMSTMP) values (3, 'CK', 'Cook Islands', 'mnicholson@ntelx.com', '2016-04-25 18:17:32');
insert into LKUP_CD (LKUP_TABL_ID, LKUP_CD, LKUP_VAL, CRT_USER_ID, CRT_TMSTMP) values (3, 'CL', 'Chile', 'mnicholson@ntelx.com', '2016-04-25 18:17:32');
insert into LKUP_CD (LKUP_TABL_ID, LKUP_CD, LKUP_VAL, CRT_USER_ID, CRT_TMSTMP) values (3, 'CM', 'Cameroon', 'mnicholson@ntelx.com', '2016-04-25 18:17:32');
insert into LKUP_CD (LKUP_TABL_ID, LKUP_CD, LKUP_VAL, CRT_USER_ID, CRT_TMSTMP) values (3, 'CN', 'China', 'mnicholson@ntelx.com', '2016-04-25 18:17:32');
insert into LKUP_CD (LKUP_TABL_ID, LKUP_CD, LKUP_VAL, CRT_USER_ID, CRT_TMSTMP) values (3, 'CO', 'Colombia', 'mnicholson@ntelx.com', '2016-04-25 18:17:32');
insert into LKUP_CD (LKUP_TABL_ID, LKUP_CD, LKUP_VAL, CRT_USER_ID, CRT_TMSTMP) values (3, 'CR', 'Costa Rica', 'mnicholson@ntelx.com', '2016-04-25 18:17:32');
insert into LKUP_CD (LKUP_TABL_ID, LKUP_CD, LKUP_VAL, CRT_USER_ID, CRT_TMSTMP) values (3, 'CU', 'Cuba', 'mnicholson@ntelx.com', '2016-04-25 18:17:32');
insert into LKUP_CD (LKUP_TABL_ID, LKUP_CD, LKUP_VAL, CRT_USER_ID, CRT_TMSTMP) values (3, 'CV', 'Cabo Verde', 'mnicholson@ntelx.com', '2016-04-25 18:17:32');
insert into LKUP_CD (LKUP_TABL_ID, LKUP_CD, LKUP_VAL, CRT_USER_ID, CRT_TMSTMP) values (3, 'CW', 'Curaçao', 'mnicholson@ntelx.com', '2016-04-25 18:17:32');
insert into LKUP_CD (LKUP_TABL_ID, LKUP_CD, LKUP_VAL, CRT_USER_ID, CRT_TMSTMP) values (3, 'CX', 'Christmas Island', 'mnicholson@ntelx.com', '2016-04-25 18:17:32');
insert into LKUP_CD (LKUP_TABL_ID, LKUP_CD, LKUP_VAL, CRT_USER_ID, CRT_TMSTMP) values (3, 'CY', 'Cyprus', 'mnicholson@ntelx.com', '2016-04-25 18:17:32');
insert into LKUP_CD (LKUP_TABL_ID, LKUP_CD, LKUP_VAL, CRT_USER_ID, CRT_TMSTMP) values (3, 'CZ', 'Czech Republic', 'mnicholson@ntelx.com', '2016-04-25 18:17:32');
insert into LKUP_CD (LKUP_TABL_ID, LKUP_CD, LKUP_VAL, CRT_USER_ID, CRT_TMSTMP) values (3, 'DE', 'Germany', 'mnicholson@ntelx.com', '2016-04-25 18:17:32');
insert into LKUP_CD (LKUP_TABL_ID, LKUP_CD, LKUP_VAL, CRT_USER_ID, CRT_TMSTMP) values (3, 'DJ', 'Djibouti', 'mnicholson@ntelx.com', '2016-04-25 18:17:32');
insert into LKUP_CD (LKUP_TABL_ID, LKUP_CD, LKUP_VAL, CRT_USER_ID, CRT_TMSTMP) values (3, 'DK', 'Denmark', 'mnicholson@ntelx.com', '2016-04-25 18:17:32');
insert into LKUP_CD (LKUP_TABL_ID, LKUP_CD, LKUP_VAL, CRT_USER_ID, CRT_TMSTMP) values (3, 'DM', 'Dominica', 'mnicholson@ntelx.com', '2016-04-25 18:17:32');
insert into LKUP_CD (LKUP_TABL_ID, LKUP_CD, LKUP_VAL, CRT_USER_ID, CRT_TMSTMP) values (3, 'DO', 'Dominican Republic', 'mnicholson@ntelx.com', '2016-04-25 18:17:32');
insert into LKUP_CD (LKUP_TABL_ID, LKUP_CD, LKUP_VAL, CRT_USER_ID, CRT_TMSTMP) values (3, 'DZ', 'Algeria', 'mnicholson@ntelx.com', '2016-04-25 18:17:32');
insert into LKUP_CD (LKUP_TABL_ID, LKUP_CD, LKUP_VAL, CRT_USER_ID, CRT_TMSTMP) values (3, 'EC', 'Ecuador', 'mnicholson@ntelx.com', '2016-04-25 18:17:32');
insert into LKUP_CD (LKUP_TABL_ID, LKUP_CD, LKUP_VAL, CRT_USER_ID, CRT_TMSTMP) values (3, 'EE', 'Estonia', 'mnicholson@ntelx.com', '2016-04-25 18:17:32');
insert into LKUP_CD (LKUP_TABL_ID, LKUP_CD, LKUP_VAL, CRT_USER_ID, CRT_TMSTMP) values (3, 'EG', 'Egypt', 'mnicholson@ntelx.com', '2016-04-25 18:17:32');
insert into LKUP_CD (LKUP_TABL_ID, LKUP_CD, LKUP_VAL, CRT_USER_ID, CRT_TMSTMP) values (3, 'EH', 'Western Sahara', 'mnicholson@ntelx.com', '2016-04-25 18:17:32');
insert into LKUP_CD (LKUP_TABL_ID, LKUP_CD, LKUP_VAL, CRT_USER_ID, CRT_TMSTMP) values (3, 'ER', 'Eritrea', 'mnicholson@ntelx.com', '2016-04-25 18:17:32');
insert into LKUP_CD (LKUP_TABL_ID, LKUP_CD, LKUP_VAL, CRT_USER_ID, CRT_TMSTMP) values (3, 'ES', 'Spain', 'mnicholson@ntelx.com', '2016-04-25 18:17:32');
insert into LKUP_CD (LKUP_TABL_ID, LKUP_CD, LKUP_VAL, CRT_USER_ID, CRT_TMSTMP) values (3, 'ET', 'Ethiopia', 'mnicholson@ntelx.com', '2016-04-25 18:17:32');
insert into LKUP_CD (LKUP_TABL_ID, LKUP_CD, LKUP_VAL, CRT_USER_ID, CRT_TMSTMP) values (3, 'FI', 'Finland', 'mnicholson@ntelx.com', '2016-04-25 18:17:32');
insert into LKUP_CD (LKUP_TABL_ID, LKUP_CD, LKUP_VAL, CRT_USER_ID, CRT_TMSTMP) values (3, 'FJ', 'Fiji', 'mnicholson@ntelx.com', '2016-04-25 18:17:32');
insert into LKUP_CD (LKUP_TABL_ID, LKUP_CD, LKUP_VAL, CRT_USER_ID, CRT_TMSTMP) values (3, 'FK', 'Falkland Islands (Malvinas)', 'mnicholson@ntelx.com', '2016-04-25 18:17:32');
insert into LKUP_CD (LKUP_TABL_ID, LKUP_CD, LKUP_VAL, CRT_USER_ID, CRT_TMSTMP) values (3, 'FM', 'Micronesia, Federated States of', 'mnicholson@ntelx.com', '2016-04-25 18:17:32');
insert into LKUP_CD (LKUP_TABL_ID, LKUP_CD, LKUP_VAL, CRT_USER_ID, CRT_TMSTMP) values (3, 'FO', 'Faroe Islands', 'mnicholson@ntelx.com', '2016-04-25 18:17:32');
insert into LKUP_CD (LKUP_TABL_ID, LKUP_CD, LKUP_VAL, CRT_USER_ID, CRT_TMSTMP) values (3, 'FR', 'France', 'mnicholson@ntelx.com', '2016-04-25 18:17:32');
insert into LKUP_CD (LKUP_TABL_ID, LKUP_CD, LKUP_VAL, CRT_USER_ID, CRT_TMSTMP) values (3, 'GA', 'Gabon', 'mnicholson@ntelx.com', '2016-04-25 18:17:32');
insert into LKUP_CD (LKUP_TABL_ID, LKUP_CD, LKUP_VAL, CRT_USER_ID, CRT_TMSTMP) values (3, 'GB', 'United Kingdom of Great Britain and Northern Ireland', 'mnicholson@ntelx.com', '2016-04-25 18:17:32');
insert into LKUP_CD (LKUP_TABL_ID, LKUP_CD, LKUP_VAL, CRT_USER_ID, CRT_TMSTMP) values (3, 'GD', 'Grenada', 'mnicholson@ntelx.com', '2016-04-25 18:17:32');
insert into LKUP_CD (LKUP_TABL_ID, LKUP_CD, LKUP_VAL, CRT_USER_ID, CRT_TMSTMP) values (3, 'GE', 'Georgia', 'mnicholson@ntelx.com', '2016-04-25 18:17:32');
insert into LKUP_CD (LKUP_TABL_ID, LKUP_CD, LKUP_VAL, CRT_USER_ID, CRT_TMSTMP) values (3, 'GF', 'French Guiana', 'mnicholson@ntelx.com', '2016-04-25 18:17:32');
insert into LKUP_CD (LKUP_TABL_ID, LKUP_CD, LKUP_VAL, CRT_USER_ID, CRT_TMSTMP) values (3, 'GG', 'Guernsey', 'mnicholson@ntelx.com', '2016-04-25 18:17:32');
insert into LKUP_CD (LKUP_TABL_ID, LKUP_CD, LKUP_VAL, CRT_USER_ID, CRT_TMSTMP) values (3, 'GH', 'Ghana', 'mnicholson@ntelx.com', '2016-04-25 18:17:32');
insert into LKUP_CD (LKUP_TABL_ID, LKUP_CD, LKUP_VAL, CRT_USER_ID, CRT_TMSTMP) values (3, 'GI', 'Gibraltar', 'mnicholson@ntelx.com', '2016-04-25 18:17:32');
insert into LKUP_CD (LKUP_TABL_ID, LKUP_CD, LKUP_VAL, CRT_USER_ID, CRT_TMSTMP) values (3, 'GL', 'Greenland', 'mnicholson@ntelx.com', '2016-04-25 18:17:32');
insert into LKUP_CD (LKUP_TABL_ID, LKUP_CD, LKUP_VAL, CRT_USER_ID, CRT_TMSTMP) values (3, 'GM', 'Gambia', 'mnicholson@ntelx.com', '2016-04-25 18:17:32');
insert into LKUP_CD (LKUP_TABL_ID, LKUP_CD, LKUP_VAL, CRT_USER_ID, CRT_TMSTMP) values (3, 'GN', 'Guinea', 'mnicholson@ntelx.com', '2016-04-25 18:17:32');
insert into LKUP_CD (LKUP_TABL_ID, LKUP_CD, LKUP_VAL, CRT_USER_ID, CRT_TMSTMP) values (3, 'GP', 'Guadeloupe', 'mnicholson@ntelx.com', '2016-04-25 18:17:32');
insert into LKUP_CD (LKUP_TABL_ID, LKUP_CD, LKUP_VAL, CRT_USER_ID, CRT_TMSTMP) values (3, 'GQ', 'Equatorial Guinea', 'mnicholson@ntelx.com', '2016-04-25 18:17:32');
insert into LKUP_CD (LKUP_TABL_ID, LKUP_CD, LKUP_VAL, CRT_USER_ID, CRT_TMSTMP) values (3, 'GR', 'Greece', 'mnicholson@ntelx.com', '2016-04-25 18:17:32');
insert into LKUP_CD (LKUP_TABL_ID, LKUP_CD, LKUP_VAL, CRT_USER_ID, CRT_TMSTMP) values (3, 'GS', 'South Georgia and the South Sandwich Islands', 'mnicholson@ntelx.com', '2016-04-25 18:17:32');
insert into LKUP_CD (LKUP_TABL_ID, LKUP_CD, LKUP_VAL, CRT_USER_ID, CRT_TMSTMP) values (3, 'GT', 'Guatemala', 'mnicholson@ntelx.com', '2016-04-25 18:17:32');
insert into LKUP_CD (LKUP_TABL_ID, LKUP_CD, LKUP_VAL, CRT_USER_ID, CRT_TMSTMP) values (3, 'GU', 'Guam', 'mnicholson@ntelx.com', '2016-04-25 18:17:32');
insert into LKUP_CD (LKUP_TABL_ID, LKUP_CD, LKUP_VAL, CRT_USER_ID, CRT_TMSTMP) values (3, 'GW', 'Guinea-Bissau', 'mnicholson@ntelx.com', '2016-04-25 18:17:32');
insert into LKUP_CD (LKUP_TABL_ID, LKUP_CD, LKUP_VAL, CRT_USER_ID, CRT_TMSTMP) values (3, 'GY', 'Guyana', 'mnicholson@ntelx.com', '2016-04-25 18:17:32');
insert into LKUP_CD (LKUP_TABL_ID, LKUP_CD, LKUP_VAL, CRT_USER_ID, CRT_TMSTMP) values (3, 'HK', 'Hong Kong', 'mnicholson@ntelx.com', '2016-04-25 18:17:32');
insert into LKUP_CD (LKUP_TABL_ID, LKUP_CD, LKUP_VAL, CRT_USER_ID, CRT_TMSTMP) values (3, 'HM', 'Heard Island and McDonald Islands', 'mnicholson@ntelx.com', '2016-04-25 18:17:32');
insert into LKUP_CD (LKUP_TABL_ID, LKUP_CD, LKUP_VAL, CRT_USER_ID, CRT_TMSTMP) values (3, 'HN', 'Honduras', 'mnicholson@ntelx.com', '2016-04-25 18:17:32');
insert into LKUP_CD (LKUP_TABL_ID, LKUP_CD, LKUP_VAL, CRT_USER_ID, CRT_TMSTMP) values (3, 'HR', 'Croatia', 'mnicholson@ntelx.com', '2016-04-25 18:17:32');
insert into LKUP_CD (LKUP_TABL_ID, LKUP_CD, LKUP_VAL, CRT_USER_ID, CRT_TMSTMP) values (3, 'HT', 'Haiti', 'mnicholson@ntelx.com', '2016-04-25 18:17:32');
insert into LKUP_CD (LKUP_TABL_ID, LKUP_CD, LKUP_VAL, CRT_USER_ID, CRT_TMSTMP) values (3, 'HU', 'Hungary', 'mnicholson@ntelx.com', '2016-04-25 18:17:32');
insert into LKUP_CD (LKUP_TABL_ID, LKUP_CD, LKUP_VAL, CRT_USER_ID, CRT_TMSTMP) values (3, 'ID', 'Indonesia', 'mnicholson@ntelx.com', '2016-04-25 18:17:32');
insert into LKUP_CD (LKUP_TABL_ID, LKUP_CD, LKUP_VAL, CRT_USER_ID, CRT_TMSTMP) values (3, 'IE', 'Ireland', 'mnicholson@ntelx.com', '2016-04-25 18:17:32');
insert into LKUP_CD (LKUP_TABL_ID, LKUP_CD, LKUP_VAL, CRT_USER_ID, CRT_TMSTMP) values (3, 'IL', 'Israel', 'mnicholson@ntelx.com', '2016-04-25 18:17:32');
insert into LKUP_CD (LKUP_TABL_ID, LKUP_CD, LKUP_VAL, CRT_USER_ID, CRT_TMSTMP) values (3, 'IM', 'Isle of Man', 'mnicholson@ntelx.com', '2016-04-25 18:17:32');
insert into LKUP_CD (LKUP_TABL_ID, LKUP_CD, LKUP_VAL, CRT_USER_ID, CRT_TMSTMP) values (3, 'IN', 'India', 'mnicholson@ntelx.com', '2016-04-25 18:17:32');
insert into LKUP_CD (LKUP_TABL_ID, LKUP_CD, LKUP_VAL, CRT_USER_ID, CRT_TMSTMP) values (3, 'IO', 'British Indian Ocean Territory', 'mnicholson@ntelx.com', '2016-04-25 18:17:32');
insert into LKUP_CD (LKUP_TABL_ID, LKUP_CD, LKUP_VAL, CRT_USER_ID, CRT_TMSTMP) values (3, 'IQ', 'Iraq', 'mnicholson@ntelx.com', '2016-04-25 18:17:32');
insert into LKUP_CD (LKUP_TABL_ID, LKUP_CD, LKUP_VAL, CRT_USER_ID, CRT_TMSTMP) values (3, 'IR', 'Iran, Islamic Republic of', 'mnicholson@ntelx.com', '2016-04-25 18:17:32');
insert into LKUP_CD (LKUP_TABL_ID, LKUP_CD, LKUP_VAL, CRT_USER_ID, CRT_TMSTMP) values (3, 'IS', 'Iceland', 'mnicholson@ntelx.com', '2016-04-25 18:17:32');
insert into LKUP_CD (LKUP_TABL_ID, LKUP_CD, LKUP_VAL, CRT_USER_ID, CRT_TMSTMP) values (3, 'IT', 'Italy', 'mnicholson@ntelx.com', '2016-04-25 18:17:32');
insert into LKUP_CD (LKUP_TABL_ID, LKUP_CD, LKUP_VAL, CRT_USER_ID, CRT_TMSTMP) values (3, 'JE', 'Jersey', 'mnicholson@ntelx.com', '2016-04-25 18:17:32');
insert into LKUP_CD (LKUP_TABL_ID, LKUP_CD, LKUP_VAL, CRT_USER_ID, CRT_TMSTMP) values (3, 'JM', 'Jamaica', 'mnicholson@ntelx.com', '2016-04-25 18:17:32');
insert into LKUP_CD (LKUP_TABL_ID, LKUP_CD, LKUP_VAL, CRT_USER_ID, CRT_TMSTMP) values (3, 'JO', 'Jordan', 'mnicholson@ntelx.com', '2016-04-25 18:17:32');
insert into LKUP_CD (LKUP_TABL_ID, LKUP_CD, LKUP_VAL, CRT_USER_ID, CRT_TMSTMP) values (3, 'JP', 'Japan', 'mnicholson@ntelx.com', '2016-04-25 18:17:32');
insert into LKUP_CD (LKUP_TABL_ID, LKUP_CD, LKUP_VAL, CRT_USER_ID, CRT_TMSTMP) values (3, 'KE', 'Kenya', 'mnicholson@ntelx.com', '2016-04-25 18:17:32');
insert into LKUP_CD (LKUP_TABL_ID, LKUP_CD, LKUP_VAL, CRT_USER_ID, CRT_TMSTMP) values (3, 'KG', 'Kyrgyzstan', 'mnicholson@ntelx.com', '2016-04-25 18:17:32');
insert into LKUP_CD (LKUP_TABL_ID, LKUP_CD, LKUP_VAL, CRT_USER_ID, CRT_TMSTMP) values (3, 'KH', 'Cambodia', 'mnicholson@ntelx.com', '2016-04-25 18:17:32');
insert into LKUP_CD (LKUP_TABL_ID, LKUP_CD, LKUP_VAL, CRT_USER_ID, CRT_TMSTMP) values (3, 'KI', 'Kiribati', 'mnicholson@ntelx.com', '2016-04-25 18:17:32');
insert into LKUP_CD (LKUP_TABL_ID, LKUP_CD, LKUP_VAL, CRT_USER_ID, CRT_TMSTMP) values (3, 'KM', 'Comoros', 'mnicholson@ntelx.com', '2016-04-25 18:17:32');
insert into LKUP_CD (LKUP_TABL_ID, LKUP_CD, LKUP_VAL, CRT_USER_ID, CRT_TMSTMP) values (3, 'KN', 'Saint Kitts and Nevis', 'mnicholson@ntelx.com', '2016-04-25 18:17:32');
insert into LKUP_CD (LKUP_TABL_ID, LKUP_CD, LKUP_VAL, CRT_USER_ID, CRT_TMSTMP) values (3, 'KP', 'Korea, Democratic People''s Republic of', 'mnicholson@ntelx.com', '2016-04-25 18:17:32');
insert into LKUP_CD (LKUP_TABL_ID, LKUP_CD, LKUP_VAL, CRT_USER_ID, CRT_TMSTMP) values (3, 'KR', 'Korea, Republic of', 'mnicholson@ntelx.com', '2016-04-25 18:17:32');
insert into LKUP_CD (LKUP_TABL_ID, LKUP_CD, LKUP_VAL, CRT_USER_ID, CRT_TMSTMP) values (3, 'KW', 'Kuwait', 'mnicholson@ntelx.com', '2016-04-25 18:17:32');
insert into LKUP_CD (LKUP_TABL_ID, LKUP_CD, LKUP_VAL, CRT_USER_ID, CRT_TMSTMP) values (3, 'KY', 'Cayman Islands', 'mnicholson@ntelx.com', '2016-04-25 18:17:32');
insert into LKUP_CD (LKUP_TABL_ID, LKUP_CD, LKUP_VAL, CRT_USER_ID, CRT_TMSTMP) values (3, 'KZ', 'Kazakhstan', 'mnicholson@ntelx.com', '2016-04-25 18:17:32');
insert into LKUP_CD (LKUP_TABL_ID, LKUP_CD, LKUP_VAL, CRT_USER_ID, CRT_TMSTMP) values (3, 'LA', 'Lao People''s Democratic Republic', 'mnicholson@ntelx.com', '2016-04-25 18:17:32');
insert into LKUP_CD (LKUP_TABL_ID, LKUP_CD, LKUP_VAL, CRT_USER_ID, CRT_TMSTMP) values (3, 'LB', 'Lebanon', 'mnicholson@ntelx.com', '2016-04-25 18:17:32');
insert into LKUP_CD (LKUP_TABL_ID, LKUP_CD, LKUP_VAL, CRT_USER_ID, CRT_TMSTMP) values (3, 'LC', 'Saint Lucia', 'mnicholson@ntelx.com', '2016-04-25 18:17:32');
insert into LKUP_CD (LKUP_TABL_ID, LKUP_CD, LKUP_VAL, CRT_USER_ID, CRT_TMSTMP) values (3, 'LI', 'Liechtenstein', 'mnicholson@ntelx.com', '2016-04-25 18:17:32');
insert into LKUP_CD (LKUP_TABL_ID, LKUP_CD, LKUP_VAL, CRT_USER_ID, CRT_TMSTMP) values (3, 'LK', 'Sri Lanka', 'mnicholson@ntelx.com', '2016-04-25 18:17:32');
insert into LKUP_CD (LKUP_TABL_ID, LKUP_CD, LKUP_VAL, CRT_USER_ID, CRT_TMSTMP) values (3, 'LR', 'Liberia', 'mnicholson@ntelx.com', '2016-04-25 18:17:32');
insert into LKUP_CD (LKUP_TABL_ID, LKUP_CD, LKUP_VAL, CRT_USER_ID, CRT_TMSTMP) values (3, 'LS', 'Lesotho', 'mnicholson@ntelx.com', '2016-04-25 18:17:32');
insert into LKUP_CD (LKUP_TABL_ID, LKUP_CD, LKUP_VAL, CRT_USER_ID, CRT_TMSTMP) values (3, 'LT', 'Lithuania', 'mnicholson@ntelx.com', '2016-04-25 18:17:32');
insert into LKUP_CD (LKUP_TABL_ID, LKUP_CD, LKUP_VAL, CRT_USER_ID, CRT_TMSTMP) values (3, 'LU', 'Luxembourg', 'mnicholson@ntelx.com', '2016-04-25 18:17:32');
insert into LKUP_CD (LKUP_TABL_ID, LKUP_CD, LKUP_VAL, CRT_USER_ID, CRT_TMSTMP) values (3, 'LV', 'Latvia', 'mnicholson@ntelx.com', '2016-04-25 18:17:32');
insert into LKUP_CD (LKUP_TABL_ID, LKUP_CD, LKUP_VAL, CRT_USER_ID, CRT_TMSTMP) values (3, 'LY', 'Libya', 'mnicholson@ntelx.com', '2016-04-25 18:17:32');
insert into LKUP_CD (LKUP_TABL_ID, LKUP_CD, LKUP_VAL, CRT_USER_ID, CRT_TMSTMP) values (3, 'MA', 'Morocco', 'mnicholson@ntelx.com', '2016-04-25 18:17:32');
insert into LKUP_CD (LKUP_TABL_ID, LKUP_CD, LKUP_VAL, CRT_USER_ID, CRT_TMSTMP) values (3, 'MC', 'Monaco', 'mnicholson@ntelx.com', '2016-04-25 18:17:32');
insert into LKUP_CD (LKUP_TABL_ID, LKUP_CD, LKUP_VAL, CRT_USER_ID, CRT_TMSTMP) values (3, 'MD', 'Moldova, Republic of', 'mnicholson@ntelx.com', '2016-04-25 18:17:32');
insert into LKUP_CD (LKUP_TABL_ID, LKUP_CD, LKUP_VAL, CRT_USER_ID, CRT_TMSTMP) values (3, 'ME', 'Montenegro', 'mnicholson@ntelx.com', '2016-04-25 18:17:32');
insert into LKUP_CD (LKUP_TABL_ID, LKUP_CD, LKUP_VAL, CRT_USER_ID, CRT_TMSTMP) values (3, 'MF', 'Saint Martin (French part)', 'mnicholson@ntelx.com', '2016-04-25 18:17:32');
insert into LKUP_CD (LKUP_TABL_ID, LKUP_CD, LKUP_VAL, CRT_USER_ID, CRT_TMSTMP) values (3, 'MG', 'Madagascar', 'mnicholson@ntelx.com', '2016-04-25 18:17:32');
insert into LKUP_CD (LKUP_TABL_ID, LKUP_CD, LKUP_VAL, CRT_USER_ID, CRT_TMSTMP) values (3, 'MH', 'Marshall Islands', 'mnicholson@ntelx.com', '2016-04-25 18:17:32');
insert into LKUP_CD (LKUP_TABL_ID, LKUP_CD, LKUP_VAL, CRT_USER_ID, CRT_TMSTMP) values (3, 'MK', 'Macedonia, the former Yugoslav Republic of', 'mnicholson@ntelx.com', '2016-04-25 18:17:32');
insert into LKUP_CD (LKUP_TABL_ID, LKUP_CD, LKUP_VAL, CRT_USER_ID, CRT_TMSTMP) values (3, 'ML', 'Mali', 'mnicholson@ntelx.com', '2016-04-25 18:17:32');
insert into LKUP_CD (LKUP_TABL_ID, LKUP_CD, LKUP_VAL, CRT_USER_ID, CRT_TMSTMP) values (3, 'MM', 'Myanmar', 'mnicholson@ntelx.com', '2016-04-25 18:17:32');
insert into LKUP_CD (LKUP_TABL_ID, LKUP_CD, LKUP_VAL, CRT_USER_ID, CRT_TMSTMP) values (3, 'MN', 'Mongolia', 'mnicholson@ntelx.com', '2016-04-25 18:17:32');
insert into LKUP_CD (LKUP_TABL_ID, LKUP_CD, LKUP_VAL, CRT_USER_ID, CRT_TMSTMP) values (3, 'MO', 'Macao', 'mnicholson@ntelx.com', '2016-04-25 18:17:32');
insert into LKUP_CD (LKUP_TABL_ID, LKUP_CD, LKUP_VAL, CRT_USER_ID, CRT_TMSTMP) values (3, 'MP', 'Northern Mariana Islands', 'mnicholson@ntelx.com', '2016-04-25 18:17:32');
insert into LKUP_CD (LKUP_TABL_ID, LKUP_CD, LKUP_VAL, CRT_USER_ID, CRT_TMSTMP) values (3, 'MQ', 'Martinique', 'mnicholson@ntelx.com', '2016-04-25 18:17:32');
insert into LKUP_CD (LKUP_TABL_ID, LKUP_CD, LKUP_VAL, CRT_USER_ID, CRT_TMSTMP) values (3, 'MR', 'Mauritania', 'mnicholson@ntelx.com', '2016-04-25 18:17:32');
insert into LKUP_CD (LKUP_TABL_ID, LKUP_CD, LKUP_VAL, CRT_USER_ID, CRT_TMSTMP) values (3, 'MS', 'Montserrat', 'mnicholson@ntelx.com', '2016-04-25 18:17:32');
insert into LKUP_CD (LKUP_TABL_ID, LKUP_CD, LKUP_VAL, CRT_USER_ID, CRT_TMSTMP) values (3, 'MT', 'Malta', 'mnicholson@ntelx.com', '2016-04-25 18:17:32');
insert into LKUP_CD (LKUP_TABL_ID, LKUP_CD, LKUP_VAL, CRT_USER_ID, CRT_TMSTMP) values (3, 'MU', 'Mauritius', 'mnicholson@ntelx.com', '2016-04-25 18:17:32');
insert into LKUP_CD (LKUP_TABL_ID, LKUP_CD, LKUP_VAL, CRT_USER_ID, CRT_TMSTMP) values (3, 'MV', 'Maldives', 'mnicholson@ntelx.com', '2016-04-25 18:17:32');
insert into LKUP_CD (LKUP_TABL_ID, LKUP_CD, LKUP_VAL, CRT_USER_ID, CRT_TMSTMP) values (3, 'MW', 'Malawi', 'mnicholson@ntelx.com', '2016-04-25 18:17:32');
insert into LKUP_CD (LKUP_TABL_ID, LKUP_CD, LKUP_VAL, CRT_USER_ID, CRT_TMSTMP) values (3, 'MX', 'Mexico', 'mnicholson@ntelx.com', '2016-04-25 18:17:32');
insert into LKUP_CD (LKUP_TABL_ID, LKUP_CD, LKUP_VAL, CRT_USER_ID, CRT_TMSTMP) values (3, 'MY', 'Malaysia', 'mnicholson@ntelx.com', '2016-04-25 18:17:32');
insert into LKUP_CD (LKUP_TABL_ID, LKUP_CD, LKUP_VAL, CRT_USER_ID, CRT_TMSTMP) values (3, 'MZ', 'Mozambique', 'mnicholson@ntelx.com', '2016-04-25 18:17:32');
insert into LKUP_CD (LKUP_TABL_ID, LKUP_CD, LKUP_VAL, CRT_USER_ID, CRT_TMSTMP) values (3, 'NA', 'Namibia', 'mnicholson@ntelx.com', '2016-04-25 18:17:32');
insert into LKUP_CD (LKUP_TABL_ID, LKUP_CD, LKUP_VAL, CRT_USER_ID, CRT_TMSTMP) values (3, 'NC', 'New Caledonia', 'mnicholson@ntelx.com', '2016-04-25 18:17:32');
insert into LKUP_CD (LKUP_TABL_ID, LKUP_CD, LKUP_VAL, CRT_USER_ID, CRT_TMSTMP) values (3, 'NE', 'Niger', 'mnicholson@ntelx.com', '2016-04-25 18:17:32');
insert into LKUP_CD (LKUP_TABL_ID, LKUP_CD, LKUP_VAL, CRT_USER_ID, CRT_TMSTMP) values (3, 'NF', 'Norfolk Island', 'mnicholson@ntelx.com', '2016-04-25 18:17:32');
insert into LKUP_CD (LKUP_TABL_ID, LKUP_CD, LKUP_VAL, CRT_USER_ID, CRT_TMSTMP) values (3, 'NG', 'Nigeria', 'mnicholson@ntelx.com', '2016-04-25 18:17:32');
insert into LKUP_CD (LKUP_TABL_ID, LKUP_CD, LKUP_VAL, CRT_USER_ID, CRT_TMSTMP) values (3, 'NI', 'Nicaragua', 'mnicholson@ntelx.com', '2016-04-25 18:17:32');
insert into LKUP_CD (LKUP_TABL_ID, LKUP_CD, LKUP_VAL, CRT_USER_ID, CRT_TMSTMP) values (3, 'NL', 'Netherlands', 'mnicholson@ntelx.com', '2016-04-25 18:17:32');
insert into LKUP_CD (LKUP_TABL_ID, LKUP_CD, LKUP_VAL, CRT_USER_ID, CRT_TMSTMP) values (3, 'NO', 'Norway', 'mnicholson@ntelx.com', '2016-04-25 18:17:32');
insert into LKUP_CD (LKUP_TABL_ID, LKUP_CD, LKUP_VAL, CRT_USER_ID, CRT_TMSTMP) values (3, 'NP', 'Nepal', 'mnicholson@ntelx.com', '2016-04-25 18:17:32');
insert into LKUP_CD (LKUP_TABL_ID, LKUP_CD, LKUP_VAL, CRT_USER_ID, CRT_TMSTMP) values (3, 'NR', 'Nauru', 'mnicholson@ntelx.com', '2016-04-25 18:17:32');
insert into LKUP_CD (LKUP_TABL_ID, LKUP_CD, LKUP_VAL, CRT_USER_ID, CRT_TMSTMP) values (3, 'NU', 'Niue', 'mnicholson@ntelx.com', '2016-04-25 18:17:32');
insert into LKUP_CD (LKUP_TABL_ID, LKUP_CD, LKUP_VAL, CRT_USER_ID, CRT_TMSTMP) values (3, 'NZ', 'New Zealand', 'mnicholson@ntelx.com', '2016-04-25 18:17:32');
insert into LKUP_CD (LKUP_TABL_ID, LKUP_CD, LKUP_VAL, CRT_USER_ID, CRT_TMSTMP) values (3, 'OM', 'Oman', 'mnicholson@ntelx.com', '2016-04-25 18:17:32');
insert into LKUP_CD (LKUP_TABL_ID, LKUP_CD, LKUP_VAL, CRT_USER_ID, CRT_TMSTMP) values (3, 'PA', 'Panama', 'mnicholson@ntelx.com', '2016-04-25 18:17:32');
insert into LKUP_CD (LKUP_TABL_ID, LKUP_CD, LKUP_VAL, CRT_USER_ID, CRT_TMSTMP) values (3, 'PE', 'Peru', 'mnicholson@ntelx.com', '2016-04-25 18:17:32');
insert into LKUP_CD (LKUP_TABL_ID, LKUP_CD, LKUP_VAL, CRT_USER_ID, CRT_TMSTMP) values (3, 'PF', 'French Polynesia', 'mnicholson@ntelx.com', '2016-04-25 18:17:32');
insert into LKUP_CD (LKUP_TABL_ID, LKUP_CD, LKUP_VAL, CRT_USER_ID, CRT_TMSTMP) values (3, 'PG', 'Papua New Guinea', 'mnicholson@ntelx.com', '2016-04-25 18:17:32');
insert into LKUP_CD (LKUP_TABL_ID, LKUP_CD, LKUP_VAL, CRT_USER_ID, CRT_TMSTMP) values (3, 'PH', 'Philippines', 'mnicholson@ntelx.com', '2016-04-25 18:17:32');
insert into LKUP_CD (LKUP_TABL_ID, LKUP_CD, LKUP_VAL, CRT_USER_ID, CRT_TMSTMP) values (3, 'PK', 'Pakistan', 'mnicholson@ntelx.com', '2016-04-25 18:17:32');
insert into LKUP_CD (LKUP_TABL_ID, LKUP_CD, LKUP_VAL, CRT_USER_ID, CRT_TMSTMP) values (3, 'PL', 'Poland', 'mnicholson@ntelx.com', '2016-04-25 18:17:32');
insert into LKUP_CD (LKUP_TABL_ID, LKUP_CD, LKUP_VAL, CRT_USER_ID, CRT_TMSTMP) values (3, 'PM', 'Saint Pierre and Miquelon', 'mnicholson@ntelx.com', '2016-04-25 18:17:32');
insert into LKUP_CD (LKUP_TABL_ID, LKUP_CD, LKUP_VAL, CRT_USER_ID, CRT_TMSTMP) values (3, 'PN', 'Pitcairn', 'mnicholson@ntelx.com', '2016-04-25 18:17:32');
insert into LKUP_CD (LKUP_TABL_ID, LKUP_CD, LKUP_VAL, CRT_USER_ID, CRT_TMSTMP) values (3, 'PR', 'Puerto Rico', 'mnicholson@ntelx.com', '2016-04-25 18:17:32');
insert into LKUP_CD (LKUP_TABL_ID, LKUP_CD, LKUP_VAL, CRT_USER_ID, CRT_TMSTMP) values (3, 'PS', 'Palestine, State of', 'mnicholson@ntelx.com', '2016-04-25 18:17:32');
insert into LKUP_CD (LKUP_TABL_ID, LKUP_CD, LKUP_VAL, CRT_USER_ID, CRT_TMSTMP) values (3, 'PT', 'Portugal', 'mnicholson@ntelx.com', '2016-04-25 18:17:32');
insert into LKUP_CD (LKUP_TABL_ID, LKUP_CD, LKUP_VAL, CRT_USER_ID, CRT_TMSTMP) values (3, 'PW', 'Palau', 'mnicholson@ntelx.com', '2016-04-25 18:17:32');
insert into LKUP_CD (LKUP_TABL_ID, LKUP_CD, LKUP_VAL, CRT_USER_ID, CRT_TMSTMP) values (3, 'PY', 'Paraguay', 'mnicholson@ntelx.com', '2016-04-25 18:17:32');
insert into LKUP_CD (LKUP_TABL_ID, LKUP_CD, LKUP_VAL, CRT_USER_ID, CRT_TMSTMP) values (3, 'QA', 'Qatar', 'mnicholson@ntelx.com', '2016-04-25 18:17:32');
insert into LKUP_CD (LKUP_TABL_ID, LKUP_CD, LKUP_VAL, CRT_USER_ID, CRT_TMSTMP) values (3, 'RE', 'Réunion', 'mnicholson@ntelx.com', '2016-04-25 18:17:32');
insert into LKUP_CD (LKUP_TABL_ID, LKUP_CD, LKUP_VAL, CRT_USER_ID, CRT_TMSTMP) values (3, 'RO', 'Romania', 'mnicholson@ntelx.com', '2016-04-25 18:17:32');
insert into LKUP_CD (LKUP_TABL_ID, LKUP_CD, LKUP_VAL, CRT_USER_ID, CRT_TMSTMP) values (3, 'RS', 'Serbia', 'mnicholson@ntelx.com', '2016-04-25 18:17:32');
insert into LKUP_CD (LKUP_TABL_ID, LKUP_CD, LKUP_VAL, CRT_USER_ID, CRT_TMSTMP) values (3, 'RU', 'Russian Federation', 'mnicholson@ntelx.com', '2016-04-25 18:17:32');
insert into LKUP_CD (LKUP_TABL_ID, LKUP_CD, LKUP_VAL, CRT_USER_ID, CRT_TMSTMP) values (3, 'RW', 'Rwanda', 'mnicholson@ntelx.com', '2016-04-25 18:17:32');
insert into LKUP_CD (LKUP_TABL_ID, LKUP_CD, LKUP_VAL, CRT_USER_ID, CRT_TMSTMP) values (3, 'SA', 'Saudi Arabia', 'mnicholson@ntelx.com', '2016-04-25 18:17:32');
insert into LKUP_CD (LKUP_TABL_ID, LKUP_CD, LKUP_VAL, CRT_USER_ID, CRT_TMSTMP) values (3, 'SB', 'Solomon Islands', 'mnicholson@ntelx.com', '2016-04-25 18:17:32');
insert into LKUP_CD (LKUP_TABL_ID, LKUP_CD, LKUP_VAL, CRT_USER_ID, CRT_TMSTMP) values (3, 'SC', 'Seychelles', 'mnicholson@ntelx.com', '2016-04-25 18:17:32');
insert into LKUP_CD (LKUP_TABL_ID, LKUP_CD, LKUP_VAL, CRT_USER_ID, CRT_TMSTMP) values (3, 'SD', 'Sudan', 'mnicholson@ntelx.com', '2016-04-25 18:17:32');
insert into LKUP_CD (LKUP_TABL_ID, LKUP_CD, LKUP_VAL, CRT_USER_ID, CRT_TMSTMP) values (3, 'SE', 'Sweden', 'mnicholson@ntelx.com', '2016-04-25 18:17:32');
insert into LKUP_CD (LKUP_TABL_ID, LKUP_CD, LKUP_VAL, CRT_USER_ID, CRT_TMSTMP) values (3, 'SG', 'Singapore', 'mnicholson@ntelx.com', '2016-04-25 18:17:32');
insert into LKUP_CD (LKUP_TABL_ID, LKUP_CD, LKUP_VAL, CRT_USER_ID, CRT_TMSTMP) values (3, 'SH', 'Saint Helena, Ascension and Tristan da Cunha', 'mnicholson@ntelx.com', '2016-04-25 18:17:32');
insert into LKUP_CD (LKUP_TABL_ID, LKUP_CD, LKUP_VAL, CRT_USER_ID, CRT_TMSTMP) values (3, 'SI', 'Slovenia', 'mnicholson@ntelx.com', '2016-04-25 18:17:32');
insert into LKUP_CD (LKUP_TABL_ID, LKUP_CD, LKUP_VAL, CRT_USER_ID, CRT_TMSTMP) values (3, 'SJ', 'Svalbard and Jan Mayen', 'mnicholson@ntelx.com', '2016-04-25 18:17:32');
insert into LKUP_CD (LKUP_TABL_ID, LKUP_CD, LKUP_VAL, CRT_USER_ID, CRT_TMSTMP) values (3, 'SK', 'Slovakia', 'mnicholson@ntelx.com', '2016-04-25 18:17:32');
insert into LKUP_CD (LKUP_TABL_ID, LKUP_CD, LKUP_VAL, CRT_USER_ID, CRT_TMSTMP) values (3, 'SL', 'Sierra Leone', 'mnicholson@ntelx.com', '2016-04-25 18:17:32');
insert into LKUP_CD (LKUP_TABL_ID, LKUP_CD, LKUP_VAL, CRT_USER_ID, CRT_TMSTMP) values (3, 'SM', 'San Marino', 'mnicholson@ntelx.com', '2016-04-25 18:17:32');
insert into LKUP_CD (LKUP_TABL_ID, LKUP_CD, LKUP_VAL, CRT_USER_ID, CRT_TMSTMP) values (3, 'SN', 'Senegal', 'mnicholson@ntelx.com', '2016-04-25 18:17:32');
insert into LKUP_CD (LKUP_TABL_ID, LKUP_CD, LKUP_VAL, CRT_USER_ID, CRT_TMSTMP) values (3, 'SO', 'Somalia', 'mnicholson@ntelx.com', '2016-04-25 18:17:32');
insert into LKUP_CD (LKUP_TABL_ID, LKUP_CD, LKUP_VAL, CRT_USER_ID, CRT_TMSTMP) values (3, 'SR', 'Suriname', 'mnicholson@ntelx.com', '2016-04-25 18:17:32');
insert into LKUP_CD (LKUP_TABL_ID, LKUP_CD, LKUP_VAL, CRT_USER_ID, CRT_TMSTMP) values (3, 'SS', 'South Sudan', 'mnicholson@ntelx.com', '2016-04-25 18:17:32');
insert into LKUP_CD (LKUP_TABL_ID, LKUP_CD, LKUP_VAL, CRT_USER_ID, CRT_TMSTMP) values (3, 'ST', 'Sao Tome and Principe', 'mnicholson@ntelx.com', '2016-04-25 18:17:32');
insert into LKUP_CD (LKUP_TABL_ID, LKUP_CD, LKUP_VAL, CRT_USER_ID, CRT_TMSTMP) values (3, 'SV', 'El Salvador', 'mnicholson@ntelx.com', '2016-04-25 18:17:32');
insert into LKUP_CD (LKUP_TABL_ID, LKUP_CD, LKUP_VAL, CRT_USER_ID, CRT_TMSTMP) values (3, 'SX', 'Sint Maarten (Dutch part)', 'mnicholson@ntelx.com', '2016-04-25 18:17:32');
insert into LKUP_CD (LKUP_TABL_ID, LKUP_CD, LKUP_VAL, CRT_USER_ID, CRT_TMSTMP) values (3, 'SY', 'Syrian Arab Republic', 'mnicholson@ntelx.com', '2016-04-25 18:17:32');
insert into LKUP_CD (LKUP_TABL_ID, LKUP_CD, LKUP_VAL, CRT_USER_ID, CRT_TMSTMP) values (3, 'SZ', 'Swaziland', 'mnicholson@ntelx.com', '2016-04-25 18:17:32');
insert into LKUP_CD (LKUP_TABL_ID, LKUP_CD, LKUP_VAL, CRT_USER_ID, CRT_TMSTMP) values (3, 'TC', 'Turks and Caicos Islands', 'mnicholson@ntelx.com', '2016-04-25 18:17:32');
insert into LKUP_CD (LKUP_TABL_ID, LKUP_CD, LKUP_VAL, CRT_USER_ID, CRT_TMSTMP) values (3, 'TD', 'Chad', 'mnicholson@ntelx.com', '2016-04-25 18:17:32');
insert into LKUP_CD (LKUP_TABL_ID, LKUP_CD, LKUP_VAL, CRT_USER_ID, CRT_TMSTMP) values (3, 'TF', 'French Southern Territories', 'mnicholson@ntelx.com', '2016-04-25 18:17:32');
insert into LKUP_CD (LKUP_TABL_ID, LKUP_CD, LKUP_VAL, CRT_USER_ID, CRT_TMSTMP) values (3, 'TG', 'Togo', 'mnicholson@ntelx.com', '2016-04-25 18:17:32');
insert into LKUP_CD (LKUP_TABL_ID, LKUP_CD, LKUP_VAL, CRT_USER_ID, CRT_TMSTMP) values (3, 'TH', 'Thailand', 'mnicholson@ntelx.com', '2016-04-25 18:17:32');
insert into LKUP_CD (LKUP_TABL_ID, LKUP_CD, LKUP_VAL, CRT_USER_ID, CRT_TMSTMP) values (3, 'TJ', 'Tajikistan', 'mnicholson@ntelx.com', '2016-04-25 18:17:32');
insert into LKUP_CD (LKUP_TABL_ID, LKUP_CD, LKUP_VAL, CRT_USER_ID, CRT_TMSTMP) values (3, 'TK', 'Tokelau', 'mnicholson@ntelx.com', '2016-04-25 18:17:32');
insert into LKUP_CD (LKUP_TABL_ID, LKUP_CD, LKUP_VAL, CRT_USER_ID, CRT_TMSTMP) values (3, 'TL', 'Timor-Leste', 'mnicholson@ntelx.com', '2016-04-25 18:17:32');
insert into LKUP_CD (LKUP_TABL_ID, LKUP_CD, LKUP_VAL, CRT_USER_ID, CRT_TMSTMP) values (3, 'TM', 'Turkmenistan', 'mnicholson@ntelx.com', '2016-04-25 18:17:32');
insert into LKUP_CD (LKUP_TABL_ID, LKUP_CD, LKUP_VAL, CRT_USER_ID, CRT_TMSTMP) values (3, 'TN', 'Tunisia', 'mnicholson@ntelx.com', '2016-04-25 18:17:32');
insert into LKUP_CD (LKUP_TABL_ID, LKUP_CD, LKUP_VAL, CRT_USER_ID, CRT_TMSTMP) values (3, 'TO', 'Tonga', 'mnicholson@ntelx.com', '2016-04-25 18:17:32');
insert into LKUP_CD (LKUP_TABL_ID, LKUP_CD, LKUP_VAL, CRT_USER_ID, CRT_TMSTMP) values (3, 'TR', 'Turkey', 'mnicholson@ntelx.com', '2016-04-25 18:17:32');
insert into LKUP_CD (LKUP_TABL_ID, LKUP_CD, LKUP_VAL, CRT_USER_ID, CRT_TMSTMP) values (3, 'TT', 'Trinidad and Tobago', 'mnicholson@ntelx.com', '2016-04-25 18:17:32');
insert into LKUP_CD (LKUP_TABL_ID, LKUP_CD, LKUP_VAL, CRT_USER_ID, CRT_TMSTMP) values (3, 'TV', 'Tuvalu', 'mnicholson@ntelx.com', '2016-04-25 18:17:32');
insert into LKUP_CD (LKUP_TABL_ID, LKUP_CD, LKUP_VAL, CRT_USER_ID, CRT_TMSTMP) values (3, 'TW', 'Taiwan, Province of China', 'mnicholson@ntelx.com', '2016-04-25 18:17:32');
insert into LKUP_CD (LKUP_TABL_ID, LKUP_CD, LKUP_VAL, CRT_USER_ID, CRT_TMSTMP) values (3, 'TZ', 'Tanzania, United Republic of', 'mnicholson@ntelx.com', '2016-04-25 18:17:32');
insert into LKUP_CD (LKUP_TABL_ID, LKUP_CD, LKUP_VAL, CRT_USER_ID, CRT_TMSTMP) values (3, 'UA', 'Ukraine', 'mnicholson@ntelx.com', '2016-04-25 18:17:32');
insert into LKUP_CD (LKUP_TABL_ID, LKUP_CD, LKUP_VAL, CRT_USER_ID, CRT_TMSTMP) values (3, 'UG', 'Uganda', 'mnicholson@ntelx.com', '2016-04-25 18:17:32');
insert into LKUP_CD (LKUP_TABL_ID, LKUP_CD, LKUP_VAL, CRT_USER_ID, CRT_TMSTMP) values (3, 'UM', 'United States Minor Outlying Islands', 'mnicholson@ntelx.com', '2016-04-25 18:17:32');
insert into LKUP_CD (LKUP_TABL_ID, LKUP_CD, LKUP_VAL, CRT_USER_ID, CRT_TMSTMP) values (3, 'US', 'United States of America', 'mnicholson@ntelx.com', '2016-04-25 18:17:32');
insert into LKUP_CD (LKUP_TABL_ID, LKUP_CD, LKUP_VAL, CRT_USER_ID, CRT_TMSTMP) values (3, 'UY', 'Uruguay', 'mnicholson@ntelx.com', '2016-04-25 18:17:32');
insert into LKUP_CD (LKUP_TABL_ID, LKUP_CD, LKUP_VAL, CRT_USER_ID, CRT_TMSTMP) values (3, 'UZ', 'Uzbekistan', 'mnicholson@ntelx.com', '2016-04-25 18:17:32');
insert into LKUP_CD (LKUP_TABL_ID, LKUP_CD, LKUP_VAL, CRT_USER_ID, CRT_TMSTMP) values (3, 'VA', 'Holy See', 'mnicholson@ntelx.com', '2016-04-25 18:17:32');
insert into LKUP_CD (LKUP_TABL_ID, LKUP_CD, LKUP_VAL, CRT_USER_ID, CRT_TMSTMP) values (3, 'VC', 'Saint Vincent and the Grenadines', 'mnicholson@ntelx.com', '2016-04-25 18:17:32');
insert into LKUP_CD (LKUP_TABL_ID, LKUP_CD, LKUP_VAL, CRT_USER_ID, CRT_TMSTMP) values (3, 'VE', 'Venezuela, Bolivarian Republic of', 'mnicholson@ntelx.com', '2016-04-25 18:17:32');
insert into LKUP_CD (LKUP_TABL_ID, LKUP_CD, LKUP_VAL, CRT_USER_ID, CRT_TMSTMP) values (3, 'VG', 'Virgin Islands, British', 'mnicholson@ntelx.com', '2016-04-25 18:17:32');
insert into LKUP_CD (LKUP_TABL_ID, LKUP_CD, LKUP_VAL, CRT_USER_ID, CRT_TMSTMP) values (3, 'VI', 'Virgin Islands, U.S.', 'mnicholson@ntelx.com', '2016-04-25 18:17:32');
insert into LKUP_CD (LKUP_TABL_ID, LKUP_CD, LKUP_VAL, CRT_USER_ID, CRT_TMSTMP) values (3, 'VN', 'Viet Nam', 'mnicholson@ntelx.com', '2016-04-25 18:17:32');
insert into LKUP_CD (LKUP_TABL_ID, LKUP_CD, LKUP_VAL, CRT_USER_ID, CRT_TMSTMP) values (3, 'VU', 'Vanuatu', 'mnicholson@ntelx.com', '2016-04-25 18:17:32');
insert into LKUP_CD (LKUP_TABL_ID, LKUP_CD, LKUP_VAL, CRT_USER_ID, CRT_TMSTMP) values (3, 'WF', 'Wallis and Futuna', 'mnicholson@ntelx.com', '2016-04-25 18:17:32');
insert into LKUP_CD (LKUP_TABL_ID, LKUP_CD, LKUP_VAL, CRT_USER_ID, CRT_TMSTMP) values (3, 'WS', 'Samoa', 'mnicholson@ntelx.com', '2016-04-25 18:17:32');
insert into LKUP_CD (LKUP_TABL_ID, LKUP_CD, LKUP_VAL, CRT_USER_ID, CRT_TMSTMP) values (3, 'YE', 'Yemen', 'mnicholson@ntelx.com', '2016-04-25 18:17:32');
insert into LKUP_CD (LKUP_TABL_ID, LKUP_CD, LKUP_VAL, CRT_USER_ID, CRT_TMSTMP) values (3, 'YT', 'Mayotte', 'mnicholson@ntelx.com', '2016-04-25 18:17:32');
insert into LKUP_CD (LKUP_TABL_ID, LKUP_CD, LKUP_VAL, CRT_USER_ID, CRT_TMSTMP) values (3, 'ZA', 'South Africa', 'mnicholson@ntelx.com', '2016-04-25 18:17:32');
insert into LKUP_CD (LKUP_TABL_ID, LKUP_CD, LKUP_VAL, CRT_USER_ID, CRT_TMSTMP) values (3, 'ZM', 'Zambia', 'mnicholson@ntelx.com', '2016-04-25 18:17:32');
insert into LKUP_CD (LKUP_TABL_ID, LKUP_CD, LKUP_VAL, CRT_USER_ID, CRT_TMSTMP) values (3, 'ZW', 'Zimbabwe', 'mnicholson@ntelx.com', '2016-04-25 18:17:32');
insert into LKUP_CD (LKUP_TABL_ID, LKUP_CD, LKUP_VAL, CRT_USER_ID, CRT_TMSTMP) values (4, 'AA', 'US Armed Forces - Americas', 'mnicholson@ntelx.com', '2016-04-25 18:17:32');
insert into LKUP_CD (LKUP_TABL_ID, LKUP_CD, LKUP_VAL, CRT_USER_ID, CRT_TMSTMP) values (4, 'AE', 'US Armed Forces - Europe', 'mnicholson@ntelx.com', '2016-04-25 18:17:32');
insert into LKUP_CD (LKUP_TABL_ID, LKUP_CD, LKUP_VAL, CRT_USER_ID, CRT_TMSTMP) values (4, 'AK', 'Alaska', 'mnicholson@ntelx.com', '2016-04-25 18:17:32');
insert into LKUP_CD (LKUP_TABL_ID, LKUP_CD, LKUP_VAL, CRT_USER_ID, CRT_TMSTMP) values (4, 'AL', 'Alabama', 'mnicholson@ntelx.com', '2016-04-25 18:17:32');
insert into LKUP_CD (LKUP_TABL_ID, LKUP_CD, LKUP_VAL, CRT_USER_ID, CRT_TMSTMP) values (4, 'AP', 'US Armed Forces - Pacific', 'mnicholson@ntelx.com', '2016-04-25 18:17:32');
insert into LKUP_CD (LKUP_TABL_ID, LKUP_CD, LKUP_VAL, CRT_USER_ID, CRT_TMSTMP) values (4, 'AR', 'Arkansas', 'mnicholson@ntelx.com', '2016-04-25 18:17:32');
insert into LKUP_CD (LKUP_TABL_ID, LKUP_CD, LKUP_VAL, CRT_USER_ID, CRT_TMSTMP) values (4, 'AS', 'American Samoa', 'mnicholson@ntelx.com', '2016-04-25 18:17:32');
insert into LKUP_CD (LKUP_TABL_ID, LKUP_CD, LKUP_VAL, CRT_USER_ID, CRT_TMSTMP) values (4, 'AZ', 'Arizona', 'mnicholson@ntelx.com', '2016-04-25 18:17:32');
insert into LKUP_CD (LKUP_TABL_ID, LKUP_CD, LKUP_VAL, CRT_USER_ID, CRT_TMSTMP) values (4, 'CA', 'California', 'mnicholson@ntelx.com', '2016-04-25 18:17:32');
insert into LKUP_CD (LKUP_TABL_ID, LKUP_CD, LKUP_VAL, CRT_USER_ID, CRT_TMSTMP) values (4, 'CO', 'Colorado', 'mnicholson@ntelx.com', '2016-04-25 18:17:32');
insert into LKUP_CD (LKUP_TABL_ID, LKUP_CD, LKUP_VAL, CRT_USER_ID, CRT_TMSTMP) values (4, 'CT', 'Connecticut', 'mnicholson@ntelx.com', '2016-04-25 18:17:32');
insert into LKUP_CD (LKUP_TABL_ID, LKUP_CD, LKUP_VAL, CRT_USER_ID, CRT_TMSTMP) values (4, 'DC', 'District of Columbia', 'mnicholson@ntelx.com', '2016-04-25 18:17:32');
insert into LKUP_CD (LKUP_TABL_ID, LKUP_CD, LKUP_VAL, CRT_USER_ID, CRT_TMSTMP) values (4, 'DE', 'Delaware', 'mnicholson@ntelx.com', '2016-04-25 18:17:32');
insert into LKUP_CD (LKUP_TABL_ID, LKUP_CD, LKUP_VAL, CRT_USER_ID, CRT_TMSTMP) values (4, 'FL', 'Florida', 'mnicholson@ntelx.com', '2016-04-25 18:17:32');
insert into LKUP_CD (LKUP_TABL_ID, LKUP_CD, LKUP_VAL, CRT_USER_ID, CRT_TMSTMP) values (4, 'FM', 'Federated States of Micronesia', 'mnicholson@ntelx.com', '2016-04-25 18:17:32');
insert into LKUP_CD (LKUP_TABL_ID, LKUP_CD, LKUP_VAL, CRT_USER_ID, CRT_TMSTMP) values (4, 'GA', 'Georgia', 'mnicholson@ntelx.com', '2016-04-25 18:17:32');
insert into LKUP_CD (LKUP_TABL_ID, LKUP_CD, LKUP_VAL, CRT_USER_ID, CRT_TMSTMP) values (4, 'GU', 'Guam', 'mnicholson@ntelx.com', '2016-04-25 18:17:32');
insert into LKUP_CD (LKUP_TABL_ID, LKUP_CD, LKUP_VAL, CRT_USER_ID, CRT_TMSTMP) values (4, 'HI', 'Hawaii', 'mnicholson@ntelx.com', '2016-04-25 18:17:32');
insert into LKUP_CD (LKUP_TABL_ID, LKUP_CD, LKUP_VAL, CRT_USER_ID, CRT_TMSTMP) values (4, 'IA', 'Iowa', 'mnicholson@ntelx.com', '2016-04-25 18:17:32');
insert into LKUP_CD (LKUP_TABL_ID, LKUP_CD, LKUP_VAL, CRT_USER_ID, CRT_TMSTMP) values (4, 'ID', 'Idaho', 'mnicholson@ntelx.com', '2016-04-25 18:17:32');
insert into LKUP_CD (LKUP_TABL_ID, LKUP_CD, LKUP_VAL, CRT_USER_ID, CRT_TMSTMP) values (4, 'IL', 'Illinois', 'mnicholson@ntelx.com', '2016-04-25 18:17:32');
insert into LKUP_CD (LKUP_TABL_ID, LKUP_CD, LKUP_VAL, CRT_USER_ID, CRT_TMSTMP) values (4, 'IN', 'Indiana', 'mnicholson@ntelx.com', '2016-04-25 18:17:32');
insert into LKUP_CD (LKUP_TABL_ID, LKUP_CD, LKUP_VAL, CRT_USER_ID, CRT_TMSTMP) values (4, 'KS', 'Kansas', 'mnicholson@ntelx.com', '2016-04-25 18:17:32');
insert into LKUP_CD (LKUP_TABL_ID, LKUP_CD, LKUP_VAL, CRT_USER_ID, CRT_TMSTMP) values (4, 'KY', 'Kentucky', 'mnicholson@ntelx.com', '2016-04-25 18:17:32');
insert into LKUP_CD (LKUP_TABL_ID, LKUP_CD, LKUP_VAL, CRT_USER_ID, CRT_TMSTMP) values (4, 'LA', 'Louisiana', 'mnicholson@ntelx.com', '2016-04-25 18:17:32');
insert into LKUP_CD (LKUP_TABL_ID, LKUP_CD, LKUP_VAL, CRT_USER_ID, CRT_TMSTMP) values (4, 'MA', 'Massachusetts', 'mnicholson@ntelx.com', '2016-04-25 18:17:32');
insert into LKUP_CD (LKUP_TABL_ID, LKUP_CD, LKUP_VAL, CRT_USER_ID, CRT_TMSTMP) values (4, 'MD', 'Maryland', 'mnicholson@ntelx.com', '2016-04-25 18:17:32');
insert into LKUP_CD (LKUP_TABL_ID, LKUP_CD, LKUP_VAL, CRT_USER_ID, CRT_TMSTMP) values (4, 'ME', 'Maine', 'mnicholson@ntelx.com', '2016-04-25 18:17:32');
insert into LKUP_CD (LKUP_TABL_ID, LKUP_CD, LKUP_VAL, CRT_USER_ID, CRT_TMSTMP) values (4, 'MH', 'Marshall Islands', 'mnicholson@ntelx.com', '2016-04-25 18:17:32');
insert into LKUP_CD (LKUP_TABL_ID, LKUP_CD, LKUP_VAL, CRT_USER_ID, CRT_TMSTMP) values (4, 'MI', 'Michigan', 'mnicholson@ntelx.com', '2016-04-25 18:17:32');
insert into LKUP_CD (LKUP_TABL_ID, LKUP_CD, LKUP_VAL, CRT_USER_ID, CRT_TMSTMP) values (4, 'MN', 'Minnesota', 'mnicholson@ntelx.com', '2016-04-25 18:17:32');
insert into LKUP_CD (LKUP_TABL_ID, LKUP_CD, LKUP_VAL, CRT_USER_ID, CRT_TMSTMP) values (4, 'MO', 'Missouri', 'mnicholson@ntelx.com', '2016-04-25 18:17:32');
insert into LKUP_CD (LKUP_TABL_ID, LKUP_CD, LKUP_VAL, CRT_USER_ID, CRT_TMSTMP) values (4, 'MP', 'Northern Mariana Islands', 'mnicholson@ntelx.com', '2016-04-25 18:17:32');
insert into LKUP_CD (LKUP_TABL_ID, LKUP_CD, LKUP_VAL, CRT_USER_ID, CRT_TMSTMP) values (4, 'MS', 'Mississippi', 'mnicholson@ntelx.com', '2016-04-25 18:17:32');
insert into LKUP_CD (LKUP_TABL_ID, LKUP_CD, LKUP_VAL, CRT_USER_ID, CRT_TMSTMP) values (4, 'MT', 'Montana', 'mnicholson@ntelx.com', '2016-04-25 18:17:32');
insert into LKUP_CD (LKUP_TABL_ID, LKUP_CD, LKUP_VAL, CRT_USER_ID, CRT_TMSTMP) values (4, 'NC', 'North Carolina', 'mnicholson@ntelx.com', '2016-04-25 18:17:32');
insert into LKUP_CD (LKUP_TABL_ID, LKUP_CD, LKUP_VAL, CRT_USER_ID, CRT_TMSTMP) values (4, 'ND', 'North Dakota', 'mnicholson@ntelx.com', '2016-04-25 18:17:32');
insert into LKUP_CD (LKUP_TABL_ID, LKUP_CD, LKUP_VAL, CRT_USER_ID, CRT_TMSTMP) values (4, 'NE', 'Nebraska', 'mnicholson@ntelx.com', '2016-04-25 18:17:32');
insert into LKUP_CD (LKUP_TABL_ID, LKUP_CD, LKUP_VAL, CRT_USER_ID, CRT_TMSTMP) values (4, 'NH', 'New Hampshire', 'mnicholson@ntelx.com', '2016-04-25 18:17:32');
insert into LKUP_CD (LKUP_TABL_ID, LKUP_CD, LKUP_VAL, CRT_USER_ID, CRT_TMSTMP) values (4, 'NJ', 'New Jersey', 'mnicholson@ntelx.com', '2016-04-25 18:17:32');
insert into LKUP_CD (LKUP_TABL_ID, LKUP_CD, LKUP_VAL, CRT_USER_ID, CRT_TMSTMP) values (4, 'NM', 'New Mexico', 'mnicholson@ntelx.com', '2016-04-25 18:17:32');
insert into LKUP_CD (LKUP_TABL_ID, LKUP_CD, LKUP_VAL, CRT_USER_ID, CRT_TMSTMP) values (4, 'NV', 'Nevada', 'mnicholson@ntelx.com', '2016-04-25 18:17:32');
insert into LKUP_CD (LKUP_TABL_ID, LKUP_CD, LKUP_VAL, CRT_USER_ID, CRT_TMSTMP) values (4, 'NY', 'New York', 'mnicholson@ntelx.com', '2016-04-25 18:17:32');
insert into LKUP_CD (LKUP_TABL_ID, LKUP_CD, LKUP_VAL, CRT_USER_ID, CRT_TMSTMP) values (4, 'OH', 'Ohio', 'mnicholson@ntelx.com', '2016-04-25 18:17:32');
insert into LKUP_CD (LKUP_TABL_ID, LKUP_CD, LKUP_VAL, CRT_USER_ID, CRT_TMSTMP) values (4, 'OK', 'Oklahoma', 'mnicholson@ntelx.com', '2016-04-25 18:17:32');
insert into LKUP_CD (LKUP_TABL_ID, LKUP_CD, LKUP_VAL, CRT_USER_ID, CRT_TMSTMP) values (4, 'OR', 'Oregon', 'mnicholson@ntelx.com', '2016-04-25 18:17:32');
insert into LKUP_CD (LKUP_TABL_ID, LKUP_CD, LKUP_VAL, CRT_USER_ID, CRT_TMSTMP) values (4, 'PA', 'Pennsylvania', 'mnicholson@ntelx.com', '2016-04-25 18:17:32');
insert into LKUP_CD (LKUP_TABL_ID, LKUP_CD, LKUP_VAL, CRT_USER_ID, CRT_TMSTMP) values (4, 'PR', 'Puerto Rico', 'mnicholson@ntelx.com', '2016-04-25 18:17:32');
insert into LKUP_CD (LKUP_TABL_ID, LKUP_CD, LKUP_VAL, CRT_USER_ID, CRT_TMSTMP) values (4, 'PW', 'Palau', 'mnicholson@ntelx.com', '2016-04-25 18:17:32');
insert into LKUP_CD (LKUP_TABL_ID, LKUP_CD, LKUP_VAL, CRT_USER_ID, CRT_TMSTMP) values (4, 'RI', 'Rhode Island', 'mnicholson@ntelx.com', '2016-04-25 18:17:32');
insert into LKUP_CD (LKUP_TABL_ID, LKUP_CD, LKUP_VAL, CRT_USER_ID, CRT_TMSTMP) values (4, 'SC', 'South Carolina', 'mnicholson@ntelx.com', '2016-04-25 18:17:32');
insert into LKUP_CD (LKUP_TABL_ID, LKUP_CD, LKUP_VAL, CRT_USER_ID, CRT_TMSTMP) values (4, 'SD', 'South Dakota', 'mnicholson@ntelx.com', '2016-04-25 18:17:32');
insert into LKUP_CD (LKUP_TABL_ID, LKUP_CD, LKUP_VAL, CRT_USER_ID, CRT_TMSTMP) values (4, 'TN', 'Tennessee', 'mnicholson@ntelx.com', '2016-04-25 18:17:32');
insert into LKUP_CD (LKUP_TABL_ID, LKUP_CD, LKUP_VAL, CRT_USER_ID, CRT_TMSTMP) values (4, 'TX', 'Texas', 'mnicholson@ntelx.com', '2016-04-25 18:17:32');
insert into LKUP_CD (LKUP_TABL_ID, LKUP_CD, LKUP_VAL, CRT_USER_ID, CRT_TMSTMP) values (4, 'UM', 'US Minor Islands', 'mnicholson@ntelx.com', '2016-04-25 18:17:32');
insert into LKUP_CD (LKUP_TABL_ID, LKUP_CD, LKUP_VAL, CRT_USER_ID, CRT_TMSTMP) values (4, 'UT', 'Utah', 'mnicholson@ntelx.com', '2016-04-25 18:17:32');
insert into LKUP_CD (LKUP_TABL_ID, LKUP_CD, LKUP_VAL, CRT_USER_ID, CRT_TMSTMP) values (4, 'VA', 'Virginia', 'mnicholson@ntelx.com', '2016-04-25 18:17:32');
insert into LKUP_CD (LKUP_TABL_ID, LKUP_CD, LKUP_VAL, CRT_USER_ID, CRT_TMSTMP) values (4, 'VI', 'Virgin Islands', 'mnicholson@ntelx.com', '2016-04-25 18:17:32');
insert into LKUP_CD (LKUP_TABL_ID, LKUP_CD, LKUP_VAL, CRT_USER_ID, CRT_TMSTMP) values (4, 'VT', 'Vermont', 'mnicholson@ntelx.com', '2016-04-25 18:17:32');
insert into LKUP_CD (LKUP_TABL_ID, LKUP_CD, LKUP_VAL, CRT_USER_ID, CRT_TMSTMP) values (4, 'WA', 'Washington', 'mnicholson@ntelx.com', '2016-04-25 18:17:32');
insert into LKUP_CD (LKUP_TABL_ID, LKUP_CD, LKUP_VAL, CRT_USER_ID, CRT_TMSTMP) values (4, 'WI', 'Wisconsin', 'mnicholson@ntelx.com', '2016-04-25 18:17:32');
insert into LKUP_CD (LKUP_TABL_ID, LKUP_CD, LKUP_VAL, CRT_USER_ID, CRT_TMSTMP) values (4, 'WV', 'West Virginia', 'mnicholson@ntelx.com', '2016-04-25 18:17:32');
insert into LKUP_CD (LKUP_TABL_ID, LKUP_CD, LKUP_VAL, CRT_USER_ID, CRT_TMSTMP) values (4, 'WY', 'Wyoming', 'mnicholson@ntelx.com', '2016-04-25 18:17:32');
insert into LKUP_CD (LKUP_TABL_ID, LKUP_CD, LKUP_VAL, CRT_USER_ID, CRT_TMSTMP) values (5, 'AA', 'US Armed Forces - Americas', 'mnicholson@ntelx.com', '2016-04-25 18:17:32');
insert into LKUP_CD (LKUP_TABL_ID, LKUP_CD, LKUP_VAL, CRT_USER_ID, CRT_TMSTMP) values (5, 'AE', 'US Armed Forces - Europe', 'mnicholson@ntelx.com', '2016-04-25 18:17:32');
insert into LKUP_CD (LKUP_TABL_ID, LKUP_CD, LKUP_VAL, CRT_USER_ID, CRT_TMSTMP) values (5, 'AK', 'Alaska', 'mnicholson@ntelx.com', '2016-04-25 18:17:32');
insert into LKUP_CD (LKUP_TABL_ID, LKUP_CD, LKUP_VAL, CRT_USER_ID, CRT_TMSTMP) values (5, 'AL', 'Alabama', 'mnicholson@ntelx.com', '2016-04-25 18:17:32');
insert into LKUP_CD (LKUP_TABL_ID, LKUP_CD, LKUP_VAL, CRT_USER_ID, CRT_TMSTMP) values (5, 'AP', 'US Armed Forces - Pacific', 'mnicholson@ntelx.com', '2016-04-25 18:17:32');
insert into LKUP_CD (LKUP_TABL_ID, LKUP_CD, LKUP_VAL, CRT_USER_ID, CRT_TMSTMP) values (5, 'AR', 'Arkansas', 'mnicholson@ntelx.com', '2016-04-25 18:17:32');
insert into LKUP_CD (LKUP_TABL_ID, LKUP_CD, LKUP_VAL, CRT_USER_ID, CRT_TMSTMP) values (5, 'AS', 'American Samoa', 'mnicholson@ntelx.com', '2016-04-25 18:17:32');
insert into LKUP_CD (LKUP_TABL_ID, LKUP_CD, LKUP_VAL, CRT_USER_ID, CRT_TMSTMP) values (5, 'AZ', 'Arizona', 'mnicholson@ntelx.com', '2016-04-25 18:17:32');
insert into LKUP_CD (LKUP_TABL_ID, LKUP_CD, LKUP_VAL, CRT_USER_ID, CRT_TMSTMP) values (5, 'CA', 'California', 'mnicholson@ntelx.com', '2016-04-25 18:17:32');
insert into LKUP_CD (LKUP_TABL_ID, LKUP_CD, LKUP_VAL, CRT_USER_ID, CRT_TMSTMP) values (5, 'CO', 'Colorado', 'mnicholson@ntelx.com', '2016-04-25 18:17:32');
insert into LKUP_CD (LKUP_TABL_ID, LKUP_CD, LKUP_VAL, CRT_USER_ID, CRT_TMSTMP) values (5, 'CT', 'Connecticut', 'mnicholson@ntelx.com', '2016-04-25 18:17:32');
insert into LKUP_CD (LKUP_TABL_ID, LKUP_CD, LKUP_VAL, CRT_USER_ID, CRT_TMSTMP) values (5, 'DC', 'District of Columbia', 'mnicholson@ntelx.com', '2016-04-25 18:17:32');
insert into LKUP_CD (LKUP_TABL_ID, LKUP_CD, LKUP_VAL, CRT_USER_ID, CRT_TMSTMP) values (5, 'DE', 'Delaware', 'mnicholson@ntelx.com', '2016-04-25 18:17:32');
insert into LKUP_CD (LKUP_TABL_ID, LKUP_CD, LKUP_VAL, CRT_USER_ID, CRT_TMSTMP) values (5, 'FL', 'Florida', 'mnicholson@ntelx.com', '2016-04-25 18:17:32');
insert into LKUP_CD (LKUP_TABL_ID, LKUP_CD, LKUP_VAL, CRT_USER_ID, CRT_TMSTMP) values (5, 'FM', 'Federated States of Micronesia', 'mnicholson@ntelx.com', '2016-04-25 18:17:32');
insert into LKUP_CD (LKUP_TABL_ID, LKUP_CD, LKUP_VAL, CRT_USER_ID, CRT_TMSTMP) values (5, 'GA', 'Georgia', 'mnicholson@ntelx.com', '2016-04-25 18:17:32');
insert into LKUP_CD (LKUP_TABL_ID, LKUP_CD, LKUP_VAL, CRT_USER_ID, CRT_TMSTMP) values (5, 'GU', 'Guam', 'mnicholson@ntelx.com', '2016-04-25 18:17:32');
insert into LKUP_CD (LKUP_TABL_ID, LKUP_CD, LKUP_VAL, CRT_USER_ID, CRT_TMSTMP) values (5, 'HI', 'Hawaii', 'mnicholson@ntelx.com', '2016-04-25 18:17:32');
insert into LKUP_CD (LKUP_TABL_ID, LKUP_CD, LKUP_VAL, CRT_USER_ID, CRT_TMSTMP) values (5, 'IA', 'Iowa', 'mnicholson@ntelx.com', '2016-04-25 18:17:32');
insert into LKUP_CD (LKUP_TABL_ID, LKUP_CD, LKUP_VAL, CRT_USER_ID, CRT_TMSTMP) values (5, 'ID', 'Idaho', 'mnicholson@ntelx.com', '2016-04-25 18:17:32');
insert into LKUP_CD (LKUP_TABL_ID, LKUP_CD, LKUP_VAL, CRT_USER_ID, CRT_TMSTMP) values (5, 'IL', 'Illinois', 'mnicholson@ntelx.com', '2016-04-25 18:17:32');
insert into LKUP_CD (LKUP_TABL_ID, LKUP_CD, LKUP_VAL, CRT_USER_ID, CRT_TMSTMP) values (5, 'IN', 'Indiana', 'mnicholson@ntelx.com', '2016-04-25 18:17:32');
insert into LKUP_CD (LKUP_TABL_ID, LKUP_CD, LKUP_VAL, CRT_USER_ID, CRT_TMSTMP) values (5, 'KS', 'Kansas', 'mnicholson@ntelx.com', '2016-04-25 18:17:32');
insert into LKUP_CD (LKUP_TABL_ID, LKUP_CD, LKUP_VAL, CRT_USER_ID, CRT_TMSTMP) values (5, 'KY', 'Kentucky', 'mnicholson@ntelx.com', '2016-04-25 18:17:32');
insert into LKUP_CD (LKUP_TABL_ID, LKUP_CD, LKUP_VAL, CRT_USER_ID, CRT_TMSTMP) values (5, 'LA', 'Louisiana', 'mnicholson@ntelx.com', '2016-04-25 18:17:32');
insert into LKUP_CD (LKUP_TABL_ID, LKUP_CD, LKUP_VAL, CRT_USER_ID, CRT_TMSTMP) values (5, 'MA', 'Massachusetts', 'mnicholson@ntelx.com', '2016-04-25 18:17:32');
insert into LKUP_CD (LKUP_TABL_ID, LKUP_CD, LKUP_VAL, CRT_USER_ID, CRT_TMSTMP) values (5, 'MD', 'Maryland', 'mnicholson@ntelx.com', '2016-04-25 18:17:32');
insert into LKUP_CD (LKUP_TABL_ID, LKUP_CD, LKUP_VAL, CRT_USER_ID, CRT_TMSTMP) values (5, 'ME', 'Maine', 'mnicholson@ntelx.com', '2016-04-25 18:17:32');
insert into LKUP_CD (LKUP_TABL_ID, LKUP_CD, LKUP_VAL, CRT_USER_ID, CRT_TMSTMP) values (5, 'MH', 'Marshall Islands', 'mnicholson@ntelx.com', '2016-04-25 18:17:32');
insert into LKUP_CD (LKUP_TABL_ID, LKUP_CD, LKUP_VAL, CRT_USER_ID, CRT_TMSTMP) values (5, 'MI', 'Michigan', 'mnicholson@ntelx.com', '2016-04-25 18:17:32');
insert into LKUP_CD (LKUP_TABL_ID, LKUP_CD, LKUP_VAL, CRT_USER_ID, CRT_TMSTMP) values (5, 'MN', 'Minnesota', 'mnicholson@ntelx.com', '2016-04-25 18:17:32');
insert into LKUP_CD (LKUP_TABL_ID, LKUP_CD, LKUP_VAL, CRT_USER_ID, CRT_TMSTMP) values (5, 'MO', 'Missouri', 'mnicholson@ntelx.com', '2016-04-25 18:17:32');
insert into LKUP_CD (LKUP_TABL_ID, LKUP_CD, LKUP_VAL, CRT_USER_ID, CRT_TMSTMP) values (5, 'MP', 'Northern Mariana Islands', 'mnicholson@ntelx.com', '2016-04-25 18:17:32');
insert into LKUP_CD (LKUP_TABL_ID, LKUP_CD, LKUP_VAL, CRT_USER_ID, CRT_TMSTMP) values (5, 'MS', 'Mississippi', 'mnicholson@ntelx.com', '2016-04-25 18:17:32');
insert into LKUP_CD (LKUP_TABL_ID, LKUP_CD, LKUP_VAL, CRT_USER_ID, CRT_TMSTMP) values (5, 'MT', 'Montana', 'mnicholson@ntelx.com', '2016-04-25 18:17:32');
insert into LKUP_CD (LKUP_TABL_ID, LKUP_CD, LKUP_VAL, CRT_USER_ID, CRT_TMSTMP) values (5, 'NC', 'North Carolina', 'mnicholson@ntelx.com', '2016-04-25 18:17:32');
insert into LKUP_CD (LKUP_TABL_ID, LKUP_CD, LKUP_VAL, CRT_USER_ID, CRT_TMSTMP) values (5, 'ND', 'North Dakota', 'mnicholson@ntelx.com', '2016-04-25 18:17:32');
insert into LKUP_CD (LKUP_TABL_ID, LKUP_CD, LKUP_VAL, CRT_USER_ID, CRT_TMSTMP) values (5, 'NE', 'Nebraska', 'mnicholson@ntelx.com', '2016-04-25 18:17:32');
insert into LKUP_CD (LKUP_TABL_ID, LKUP_CD, LKUP_VAL, CRT_USER_ID, CRT_TMSTMP) values (5, 'NH', 'New Hampshire', 'mnicholson@ntelx.com', '2016-04-25 18:17:32');
insert into LKUP_CD (LKUP_TABL_ID, LKUP_CD, LKUP_VAL, CRT_USER_ID, CRT_TMSTMP) values (5, 'NJ', 'New Jersey', 'mnicholson@ntelx.com', '2016-04-25 18:17:32');
insert into LKUP_CD (LKUP_TABL_ID, LKUP_CD, LKUP_VAL, CRT_USER_ID, CRT_TMSTMP) values (5, 'NM', 'New Mexico', 'mnicholson@ntelx.com', '2016-04-25 18:17:32');
insert into LKUP_CD (LKUP_TABL_ID, LKUP_CD, LKUP_VAL, CRT_USER_ID, CRT_TMSTMP) values (5, 'NV', 'Nevada', 'mnicholson@ntelx.com', '2016-04-25 18:17:32');
insert into LKUP_CD (LKUP_TABL_ID, LKUP_CD, LKUP_VAL, CRT_USER_ID, CRT_TMSTMP) values (5, 'NY', 'New York', 'mnicholson@ntelx.com', '2016-04-25 18:17:32');
insert into LKUP_CD (LKUP_TABL_ID, LKUP_CD, LKUP_VAL, CRT_USER_ID, CRT_TMSTMP) values (5, 'OH', 'Ohio', 'mnicholson@ntelx.com', '2016-04-25 18:17:32');
insert into LKUP_CD (LKUP_TABL_ID, LKUP_CD, LKUP_VAL, CRT_USER_ID, CRT_TMSTMP) values (5, 'OK', 'Oklahoma', 'mnicholson@ntelx.com', '2016-04-25 18:17:32');
insert into LKUP_CD (LKUP_TABL_ID, LKUP_CD, LKUP_VAL, CRT_USER_ID, CRT_TMSTMP) values (5, 'OR', 'Oregon', 'mnicholson@ntelx.com', '2016-04-25 18:17:32');
insert into LKUP_CD (LKUP_TABL_ID, LKUP_CD, LKUP_VAL, CRT_USER_ID, CRT_TMSTMP) values (5, 'PA', 'Pennsylvania', 'mnicholson@ntelx.com', '2016-04-25 18:17:32');
insert into LKUP_CD (LKUP_TABL_ID, LKUP_CD, LKUP_VAL, CRT_USER_ID, CRT_TMSTMP) values (5, 'PR', 'Puerto Rico', 'mnicholson@ntelx.com', '2016-04-25 18:17:32');
insert into LKUP_CD (LKUP_TABL_ID, LKUP_CD, LKUP_VAL, CRT_USER_ID, CRT_TMSTMP) values (5, 'PW', 'Palau', 'mnicholson@ntelx.com', '2016-04-25 18:17:32');
insert into LKUP_CD (LKUP_TABL_ID, LKUP_CD, LKUP_VAL, CRT_USER_ID, CRT_TMSTMP) values (5, 'RI', 'Rhode Island', 'mnicholson@ntelx.com', '2016-04-25 18:17:32');
insert into LKUP_CD (LKUP_TABL_ID, LKUP_CD, LKUP_VAL, CRT_USER_ID, CRT_TMSTMP) values (5, 'SC', 'South Carolina', 'mnicholson@ntelx.com', '2016-04-25 18:17:32');
insert into LKUP_CD (LKUP_TABL_ID, LKUP_CD, LKUP_VAL, CRT_USER_ID, CRT_TMSTMP) values (5, 'SD', 'South Dakota', 'mnicholson@ntelx.com', '2016-04-25 18:17:32');
insert into LKUP_CD (LKUP_TABL_ID, LKUP_CD, LKUP_VAL, CRT_USER_ID, CRT_TMSTMP) values (5, 'TN', 'Tennessee', 'mnicholson@ntelx.com', '2016-04-25 18:17:32');
insert into LKUP_CD (LKUP_TABL_ID, LKUP_CD, LKUP_VAL, CRT_USER_ID, CRT_TMSTMP) values (5, 'TX', 'Texas', 'mnicholson@ntelx.com', '2016-04-25 18:17:32');
insert into LKUP_CD (LKUP_TABL_ID, LKUP_CD, LKUP_VAL, CRT_USER_ID, CRT_TMSTMP) values (5, 'UM', 'US Minor Islands', 'mnicholson@ntelx.com', '2016-04-25 18:17:32');
insert into LKUP_CD (LKUP_TABL_ID, LKUP_CD, LKUP_VAL, CRT_USER_ID, CRT_TMSTMP) values (5, 'UT', 'Utah', 'mnicholson@ntelx.com', '2016-04-25 18:17:32');
insert into LKUP_CD (LKUP_TABL_ID, LKUP_CD, LKUP_VAL, CRT_USER_ID, CRT_TMSTMP) values (5, 'VA', 'Virginia', 'mnicholson@ntelx.com', '2016-04-25 18:17:32');
insert into LKUP_CD (LKUP_TABL_ID, LKUP_CD, LKUP_VAL, CRT_USER_ID, CRT_TMSTMP) values (5, 'VI', 'Virgin Islands', 'mnicholson@ntelx.com', '2016-04-25 18:17:32');
insert into LKUP_CD (LKUP_TABL_ID, LKUP_CD, LKUP_VAL, CRT_USER_ID, CRT_TMSTMP) values (5, 'VT', 'Vermont', 'mnicholson@ntelx.com', '2016-04-25 18:17:32');
insert into LKUP_CD (LKUP_TABL_ID, LKUP_CD, LKUP_VAL, CRT_USER_ID, CRT_TMSTMP) values (5, 'WA', 'Washington', 'mnicholson@ntelx.com', '2016-04-25 18:17:32');
insert into LKUP_CD (LKUP_TABL_ID, LKUP_CD, LKUP_VAL, CRT_USER_ID, CRT_TMSTMP) values (5, 'WI', 'Wisconsin', 'mnicholson@ntelx.com', '2016-04-25 18:17:32');
insert into LKUP_CD (LKUP_TABL_ID, LKUP_CD, LKUP_VAL, CRT_USER_ID, CRT_TMSTMP) values (5, 'WV', 'West Virginia', 'mnicholson@ntelx.com', '2016-04-25 18:17:32');
insert into LKUP_CD (LKUP_TABL_ID, LKUP_CD, LKUP_VAL, CRT_USER_ID, CRT_TMSTMP) values (5, 'WY', 'Wyoming', 'mnicholson@ntelx.com', '2016-04-25 18:17:32');
insert into LKUP_CD (LKUP_TABL_ID, LKUP_CD, LKUP_VAL, CRT_USER_ID, CRT_TMSTMP) values (6, 'EMAIL', 'Email Address', 'mnicholson@ntelx.com', '2016-04-25 18:17:32');
insert into LKUP_CD (LKUP_TABL_ID, LKUP_CD, LKUP_VAL, CRT_USER_ID, CRT_TMSTMP) values (6, 'PASSPHRS', 'Passphrase', 'mnicholson@ntelx.com', '2016-04-25 18:17:32');
insert into LKUP_CD (LKUP_TABL_ID, LKUP_CD, LKUP_VAL, CRT_USER_ID, CRT_TMSTMP) values (6, 'PASSWD', 'Password', 'mnicholson@ntelx.com', '2016-04-25 18:17:32');
insert into LKUP_CD (LKUP_TABL_ID, LKUP_CD, LKUP_VAL, CRT_USER_ID, CRT_TMSTMP) values (6, 'PHON', 'Phone Number', 'mnicholson@ntelx.com', '2016-04-25 18:17:32');
insert into LKUP_CD (LKUP_TABL_ID, LKUP_CD, LKUP_VAL, CRT_USER_ID, CRT_TMSTMP) values (6, 'PIN', 'Personal Identification Number', 'mnicholson@ntelx.com', '2016-04-25 18:17:32');
insert into LKUP_CD (LKUP_TABL_ID, LKUP_CD, LKUP_VAL, CRT_USER_ID, CRT_TMSTMP) values (7, 'HOME', 'Home', 'mnicholson@ntelx.com', '2016-04-25 18:17:32');
insert into LKUP_CD (LKUP_TABL_ID, LKUP_CD, LKUP_VAL, CRT_USER_ID, CRT_TMSTMP) values (7, 'PRIM', 'Primary', 'mnicholson@ntelx.com', '2016-04-25 18:17:32');
insert into LKUP_CD (LKUP_TABL_ID, LKUP_CD, LKUP_VAL, CRT_USER_ID, CRT_TMSTMP) values (7, 'ALT', 'Alternate', 'mnicholson@ntelx.com', '2016-04-25 18:17:32');
insert into LKUP_CD (LKUP_TABL_ID, LKUP_CD, LKUP_VAL, CRT_USER_ID, CRT_TMSTMP) values (7, 'CPORT', 'Claimant Portal', 'mnicholson@ntelx.com', '2016-04-25 18:17:32');
insert into LKUP_CD (LKUP_TABL_ID, LKUP_CD, LKUP_VAL, CRT_USER_ID, CRT_TMSTMP) values (8, 'CLAIM', 'Claim', 'mnicholson@ntelx.com', '2016-04-25 18:17:32');
insert into LKUP_CD (LKUP_TABL_ID, LKUP_CD, LKUP_VAL, CRT_USER_ID, CRT_TMSTMP) values (8, 'CERT', 'Certification', 'mnicholson@ntelx.com', '2016-04-25 18:17:32');
insert into LKUP_CD (LKUP_TABL_ID, LKUP_CD, LKUP_VAL, CRT_USER_ID, CRT_TMSTMP) values (9, '0', 'Unknown', 'mnicholson@ntelx.com', '2016-04-25 18:17:32');
insert into LKUP_CD (LKUP_TABL_ID, LKUP_CD, LKUP_VAL, CRT_USER_ID, CRT_TMSTMP) values (9, '1', 'Fired/Discharged', 'mnicholson@ntelx.com', '2016-04-25 18:17:32');
insert into LKUP_CD (LKUP_TABL_ID, LKUP_CD, LKUP_VAL, CRT_USER_ID, CRT_TMSTMP) values (9, '2', 'Suspension', 'mnicholson@ntelx.com', '2016-04-25 18:17:32');
insert into LKUP_CD (LKUP_TABL_ID, LKUP_CD, LKUP_VAL, CRT_USER_ID, CRT_TMSTMP) values (9, '3', 'Voluntarily Quit', 'mnicholson@ntelx.com', '2016-04-25 18:17:32');
insert into LKUP_CD (LKUP_TABL_ID, LKUP_CD, LKUP_VAL, CRT_USER_ID, CRT_TMSTMP) values (9, '4', 'Leave of absence', 'mnicholson@ntelx.com', '2016-04-25 18:17:32');
insert into LKUP_CD (LKUP_TABL_ID, LKUP_CD, LKUP_VAL, CRT_USER_ID, CRT_TMSTMP) values (9, '5', 'Layoff, Lack of work', 'mnicholson@ntelx.com', '2016-04-25 18:17:32');
insert into LKUP_CD (LKUP_TABL_ID, LKUP_CD, LKUP_VAL, CRT_USER_ID, CRT_TMSTMP) values (9, '6', 'Reduction in hours, Workshare', 'mnicholson@ntelx.com', '2016-04-25 18:17:32');
insert into LKUP_CD (LKUP_TABL_ID, LKUP_CD, LKUP_VAL, CRT_USER_ID, CRT_TMSTMP) values (9, '7', 'Business closed (Only in state)', 'mnicholson@ntelx.com', '2016-04-25 18:17:32');
insert into LKUP_CD (LKUP_TABL_ID, LKUP_CD, LKUP_VAL, CRT_USER_ID, CRT_TMSTMP) values (9, '8', 'Business bankruptcy (Closed everywhere)', 'mnicholson@ntelx.com', '2016-04-25 18:17:32');
insert into LKUP_CD (LKUP_TABL_ID, LKUP_CD, LKUP_VAL, CRT_USER_ID, CRT_TMSTMP) values (9, '9', 'Labor dispute (Strike)', 'mnicholson@ntelx.com', '2016-04-25 18:17:32');
insert into LKUP_CD (LKUP_TABL_ID, LKUP_CD, LKUP_VAL, CRT_USER_ID, CRT_TMSTMP) values (9, '10', 'Break at educational institution', 'mnicholson@ntelx.com', '2016-04-25 18:17:32');
insert into LKUP_CD (LKUP_TABL_ID, LKUP_CD, LKUP_VAL, CRT_USER_ID, CRT_TMSTMP) values (9, '11', 'WARN (Federal Worker Adjustment and Retraining Notification)', 'mnicholson@ntelx.com', '2016-04-25 18:17:32');
insert into LKUP_CD (LKUP_TABL_ID, LKUP_CD, LKUP_VAL, CRT_USER_ID, CRT_TMSTMP) values (9, '12', 'Other', 'mnicholson@ntelx.com', '2016-04-25 18:17:32');
insert into LKUP_CD (LKUP_TABL_ID, LKUP_CD, LKUP_VAL, CRT_USER_ID, CRT_TMSTMP) values (10, '0', 'No Response  (0 years)', 'mnicholson@ntelx.com', '2016-04-25 18:17:32');
insert into LKUP_CD (LKUP_TABL_ID, LKUP_CD, LKUP_VAL, CRT_USER_ID, CRT_TMSTMP) values (10, '1', 'Some Elementary < 6th Grade', 'mnicholson@ntelx.com', '2016-04-25 18:17:32');
insert into LKUP_CD (LKUP_TABL_ID, LKUP_CD, LKUP_VAL, CRT_USER_ID, CRT_TMSTMP) values (10, '2', 'Some Middle School < 9th Grade', 'mnicholson@ntelx.com', '2016-04-25 18:17:32');
insert into LKUP_CD (LKUP_TABL_ID, LKUP_CD, LKUP_VAL, CRT_USER_ID, CRT_TMSTMP) values (10, '3', 'Some High School < 12th Grade', 'mnicholson@ntelx.com', '2016-04-25 18:17:32');
insert into LKUP_CD (LKUP_TABL_ID, LKUP_CD, LKUP_VAL, CRT_USER_ID, CRT_TMSTMP) values (10, '4', 'GED', 'mnicholson@ntelx.com', '2016-04-25 18:17:32');
insert into LKUP_CD (LKUP_TABL_ID, LKUP_CD, LKUP_VAL, CRT_USER_ID, CRT_TMSTMP) values (10, '5', 'High School Diploma', 'mnicholson@ntelx.com', '2016-04-25 18:17:32');
insert into LKUP_CD (LKUP_TABL_ID, LKUP_CD, LKUP_VAL, CRT_USER_ID, CRT_TMSTMP) values (10, '6', 'Post High School License or Certificate', 'mnicholson@ntelx.com', '2016-04-25 18:17:32');
insert into LKUP_CD (LKUP_TABL_ID, LKUP_CD, LKUP_VAL, CRT_USER_ID, CRT_TMSTMP) values (10, '7', 'Associate Degree', 'mnicholson@ntelx.com', '2016-04-25 18:17:32');
insert into LKUP_CD (LKUP_TABL_ID, LKUP_CD, LKUP_VAL, CRT_USER_ID, CRT_TMSTMP) values (10, '8', 'Some College', 'mnicholson@ntelx.com', '2016-04-25 18:17:32');
insert into LKUP_CD (LKUP_TABL_ID, LKUP_CD, LKUP_VAL, CRT_USER_ID, CRT_TMSTMP) values (10, '9', 'Bachelors Degree', 'mnicholson@ntelx.com', '2016-04-25 18:17:32');
insert into LKUP_CD (LKUP_TABL_ID, LKUP_CD, LKUP_VAL, CRT_USER_ID, CRT_TMSTMP) values (10, '10', 'Masters Degree', 'mnicholson@ntelx.com', '2016-04-25 18:17:32');
insert into LKUP_CD (LKUP_TABL_ID, LKUP_CD, LKUP_VAL, CRT_USER_ID, CRT_TMSTMP) values (10, '11', 'Doctorate or Professional Degree (MD, JD, etc.)', 'mnicholson@ntelx.com', '2016-04-25 18:17:32');
insert into LKUP_CD (LKUP_TABL_ID, LKUP_CD, LKUP_VAL, CRT_USER_ID, CRT_TMSTMP) values (10, '12', 'Other', 'mnicholson@ntelx.com', '2016-04-25 18:17:32');
insert into LKUP_CD (LKUP_TABL_ID, LKUP_CD, LKUP_VAL, CRT_USER_ID, CRT_TMSTMP) values (11, '0', 'Unknown or Unassigned ', 'mnicholson@ntelx.com', '2016-04-25 18:17:32');
insert into LKUP_CD (LKUP_TABL_ID, LKUP_CD, LKUP_VAL, CRT_USER_ID, CRT_TMSTMP) values (11, '1', 'Receiving Workers Comp', 'mnicholson@ntelx.com', '2016-04-25 18:17:32');
insert into LKUP_CD (LKUP_TABL_ID, LKUP_CD, LKUP_VAL, CRT_USER_ID, CRT_TMSTMP) values (11, '2', 'Not Receiving Workers Comp', 'mnicholson@ntelx.com', '2016-04-25 18:17:32');
insert into LKUP_CD (LKUP_TABL_ID, LKUP_CD, LKUP_VAL, CRT_USER_ID, CRT_TMSTMP) values (12, '0', 'Unknown or Unassigned ', 'mnicholson@ntelx.com', '2016-04-25 18:17:32');
insert into LKUP_CD (LKUP_TABL_ID, LKUP_CD, LKUP_VAL, CRT_USER_ID, CRT_TMSTMP) values (12, '1', 'Receiving Pension', 'mnicholson@ntelx.com', '2016-04-25 18:17:32');
insert into LKUP_CD (LKUP_TABL_ID, LKUP_CD, LKUP_VAL, CRT_USER_ID, CRT_TMSTMP) values (12, '2', 'Not Receiving Pension', 'mnicholson@ntelx.com', '2016-04-25 18:17:32');
insert into LKUP_CD (LKUP_TABL_ID, LKUP_CD, LKUP_VAL, CRT_USER_ID, CRT_TMSTMP) values (15, '0', 'Unknown or No Program', 'mnicholson@ntelx.com', '2016-04-25 18:17:32');
insert into LKUP_CD (LKUP_TABL_ID, LKUP_CD, LKUP_VAL, CRT_USER_ID, CRT_TMSTMP) values (15, '1', 'UI', 'mnicholson@ntelx.com', '2016-04-25 18:17:32');
insert into LKUP_CD (LKUP_TABL_ID, LKUP_CD, LKUP_VAL, CRT_USER_ID, CRT_TMSTMP) values (15, '2', 'UCFE', 'mnicholson@ntelx.com', '2016-04-25 18:17:32');
insert into LKUP_CD (LKUP_TABL_ID, LKUP_CD, LKUP_VAL, CRT_USER_ID, CRT_TMSTMP) values (15, '3', 'UCX', 'mnicholson@ntelx.com', '2016-04-25 18:17:32');
insert into LKUP_CD (LKUP_TABL_ID, LKUP_CD, LKUP_VAL, CRT_USER_ID, CRT_TMSTMP) values (15, '4', 'TRA', 'mnicholson@ntelx.com', '2016-04-25 18:17:32');
insert into LKUP_CD (LKUP_TABL_ID, LKUP_CD, LKUP_VAL, CRT_USER_ID, CRT_TMSTMP) values (15, '5', 'DUA', 'mnicholson@ntelx.com', '2016-04-25 18:17:32');
insert into LKUP_CD (LKUP_TABL_ID, LKUP_CD, LKUP_VAL, CRT_USER_ID, CRT_TMSTMP) values (15, '6', 'Training', 'mnicholson@ntelx.com', '2016-04-25 18:17:32');
insert into LKUP_CD (LKUP_TABL_ID, LKUP_CD, LKUP_VAL, CRT_USER_ID, CRT_TMSTMP) values (15, '7', 'SEA', 'mnicholson@ntelx.com', '2016-04-25 18:17:32');
insert into LKUP_CD (LKUP_TABL_ID, LKUP_CD, LKUP_VAL, CRT_USER_ID, CRT_TMSTMP) values (16, '0', 'Unknown', 'mnicholson@ntelx.com', '2016-04-25 18:17:32');
insert into LKUP_CD (LKUP_TABL_ID, LKUP_CD, LKUP_VAL, CRT_USER_ID, CRT_TMSTMP) values (16, '1', 'Claimant Error', 'mnicholson@ntelx.com', '2016-04-25 18:17:32');
insert into LKUP_CD (LKUP_TABL_ID, LKUP_CD, LKUP_VAL, CRT_USER_ID, CRT_TMSTMP) values (16, '2', 'Employer Error', 'mnicholson@ntelx.com', '2016-04-25 18:17:32');
insert into LKUP_CD (LKUP_TABL_ID, LKUP_CD, LKUP_VAL, CRT_USER_ID, CRT_TMSTMP) values (16, '3', 'Agency Error', 'mnicholson@ntelx.com', '2016-04-25 18:17:32');
insert into LKUP_CD (LKUP_TABL_ID, LKUP_CD, LKUP_VAL, CRT_USER_ID, CRT_TMSTMP) values (16, '4', 'Java Rule', 'mnicholson@ntelx.com', '2016-04-25 18:17:32');
insert into LKUP_CD (LKUP_TABL_ID, LKUP_CD, LKUP_VAL, CRT_USER_ID, CRT_TMSTMP) values (16, '5', 'Multi-Claimant Schemes', 'mnicholson@ntelx.com', '2016-04-25 18:17:32');
insert into LKUP_CD (LKUP_TABL_ID, LKUP_CD, LKUP_VAL, CRT_USER_ID, CRT_TMSTMP) values (16, '6', 'Agency Employee Benefit Fraud', 'mnicholson@ntelx.com', '2016-04-25 18:17:32');
insert into LKUP_CD (LKUP_TABL_ID, LKUP_CD, LKUP_VAL, CRT_USER_ID, CRT_TMSTMP) values (17, '0', 'Unknown or No Program', 'mnicholson@ntelx.com', '2016-04-25 18:17:32');
insert into LKUP_CD (LKUP_TABL_ID, LKUP_CD, LKUP_VAL, CRT_USER_ID, CRT_TMSTMP) values (17, '1', 'UI', 'mnicholson@ntelx.com', '2016-04-25 18:17:32');
insert into LKUP_CD (LKUP_TABL_ID, LKUP_CD, LKUP_VAL, CRT_USER_ID, CRT_TMSTMP) values (17, '2', 'UCFE', 'mnicholson@ntelx.com', '2016-04-25 18:17:32');
insert into LKUP_CD (LKUP_TABL_ID, LKUP_CD, LKUP_VAL, CRT_USER_ID, CRT_TMSTMP) values (17, '3', 'UCX', 'mnicholson@ntelx.com', '2016-04-25 18:17:32');
insert into LKUP_CD (LKUP_TABL_ID, LKUP_CD, LKUP_VAL, CRT_USER_ID, CRT_TMSTMP) values (17, '4', 'TRA', 'mnicholson@ntelx.com', '2016-04-25 18:17:32');
insert into LKUP_CD (LKUP_TABL_ID, LKUP_CD, LKUP_VAL, CRT_USER_ID, CRT_TMSTMP) values (17, '5', 'DUA', 'mnicholson@ntelx.com', '2016-04-25 18:17:32');
insert into LKUP_CD (LKUP_TABL_ID, LKUP_CD, LKUP_VAL, CRT_USER_ID, CRT_TMSTMP) values (17, '6', 'Training', 'mnicholson@ntelx.com', '2016-04-25 18:17:32');
insert into LKUP_CD (LKUP_TABL_ID, LKUP_CD, LKUP_VAL, CRT_USER_ID, CRT_TMSTMP) values (17, '7', 'SEA', 'mnicholson@ntelx.com', '2016-04-25 18:17:32');
insert into LKUP_CD (LKUP_TABL_ID, LKUP_CD, LKUP_VAL, CRT_USER_ID, CRT_TMSTMP) values (18, 'FIX', 'Fixed Line', 'bmorrison@ntelx.com', '2016-08-26 16:11:10');
insert into LKUP_CD (LKUP_TABL_ID, LKUP_CD, LKUP_VAL, CRT_USER_ID, CRT_TMSTMP) values (18, 'CEL', 'Cellular', 'bmorrison@ntelx.com', '2016-08-26 16:11:10');
insert into LKUP_CD (LKUP_TABL_ID, LKUP_CD, LKUP_VAL, CRT_USER_ID, CRT_TMSTMP) values (18, 'WIR', 'Wireless', 'bmorrison@ntelx.com', '2016-08-26 16:11:10');
insert into LKUP_CD (LKUP_TABL_ID, LKUP_CD, LKUP_VAL, CRT_USER_ID, CRT_TMSTMP) values (18, 'SAT', 'Satellite', 'bmorrison@ntelx.com', '2016-08-26 16:11:10');
insert into LKUP_CD (LKUP_TABL_ID, LKUP_CD, LKUP_VAL, CRT_USER_ID, CRT_TMSTMP) values (19, 'RES', 'Residential', 'bmorrison@ntelx.com', '2016-08-26 16:11:10');
insert into LKUP_CD (LKUP_TABL_ID, LKUP_CD, LKUP_VAL, CRT_USER_ID, CRT_TMSTMP) values (19, 'BUS', 'Business', 'bmorrison@ntelx.com', '2016-08-26 16:11:10');
insert into LKUP_CD (LKUP_TABL_ID, LKUP_CD, LKUP_VAL, CRT_USER_ID, CRT_TMSTMP) values (19, 'GOV', 'Government', 'bmorrison@ntelx.com', '2016-08-26 16:11:10');
insert into LKUP_CD (LKUP_TABL_ID, LKUP_CD, LKUP_VAL, CRT_USER_ID, CRT_TMSTMP) values (19, 'MIL', 'Military', 'bmorrison@ntelx.com', '2016-08-26 16:11:10');
insert into LKUP_CD (LKUP_TABL_ID, LKUP_CD, LKUP_VAL, CRT_USER_ID, CRT_TMSTMP) values (19, 'EDU', 'Education', 'bmorrison@ntelx.com', '2016-08-26 16:11:10');
insert into LKUP_CD (LKUP_TABL_ID, LKUP_CD, LKUP_VAL, CRT_USER_ID, CRT_TMSTMP) values (19, 'ISP', 'ISP', 'bmorrison@ntelx.com', '2016-08-26 16:11:10');
insert into LKUP_CD (LKUP_TABL_ID, LKUP_CD, LKUP_VAL, CRT_USER_ID, CRT_TMSTMP) values (19, 'LIB', 'Library', 'bmorrison@ntelx.com', '2016-08-26 16:11:10');
insert into LKUP_CD (LKUP_TABL_ID, LKUP_CD, LKUP_VAL, CRT_USER_ID, CRT_TMSTMP) values (19, 'ICA', 'Internet Café', 'bmorrison@ntelx.com', '2016-08-26 16:11:10');

/*==============================================================*/
/* Table: parnt_lkup_tabl                                       */
/*==============================================================*/

insert into PARNT_LKUP_TABL (PARNT_LKUP_TABL_ID, LKUP_TABL_ID, CRT_USER_ID, CRT_TMSTMP) values (3, 4, 'mnicholson@ntelx.com', '2016-04-25 18:19:21');
insert into PARNT_LKUP_TABL (PARNT_LKUP_TABL_ID, LKUP_TABL_ID, CRT_USER_ID, CRT_TMSTMP) values (4, 5, 'mnicholson@ntelx.com', '2016-04-25 18:19:21');
insert into PARNT_LKUP_TABL (PARNT_LKUP_TABL_ID, LKUP_TABL_ID, CRT_USER_ID, CRT_TMSTMP) values (6, 7, 'mnicholson@ntelx.com', '2016-04-25 18:19:21');

/*==============================================================*/
/* Table: parnt_lkup_cd                                         */
/*==============================================================*/

insert into PARNT_LKUP_CD (PARNT_LKUP_TABL_ID, PARNT_LKUP_CD, LKUP_TABL_ID, LKUP_CD, CRT_USER_ID, CRT_TMSTMP) values (3, 'US', 4, 'AA', 'mnicholson@ntelx.com', '2016-04-25 18:24:40');
insert into PARNT_LKUP_CD (PARNT_LKUP_TABL_ID, PARNT_LKUP_CD, LKUP_TABL_ID, LKUP_CD, CRT_USER_ID, CRT_TMSTMP) values (3, 'US', 4, 'AE', 'mnicholson@ntelx.com', '2016-04-25 18:24:40');
insert into PARNT_LKUP_CD (PARNT_LKUP_TABL_ID, PARNT_LKUP_CD, LKUP_TABL_ID, LKUP_CD, CRT_USER_ID, CRT_TMSTMP) values (3, 'US', 4, 'AK', 'mnicholson@ntelx.com', '2016-04-25 18:24:40');
insert into PARNT_LKUP_CD (PARNT_LKUP_TABL_ID, PARNT_LKUP_CD, LKUP_TABL_ID, LKUP_CD, CRT_USER_ID, CRT_TMSTMP) values (3, 'US', 4, 'AL', 'mnicholson@ntelx.com', '2016-04-25 18:24:40');
insert into PARNT_LKUP_CD (PARNT_LKUP_TABL_ID, PARNT_LKUP_CD, LKUP_TABL_ID, LKUP_CD, CRT_USER_ID, CRT_TMSTMP) values (3, 'US', 4, 'AP', 'mnicholson@ntelx.com', '2016-04-25 18:24:40');
insert into PARNT_LKUP_CD (PARNT_LKUP_TABL_ID, PARNT_LKUP_CD, LKUP_TABL_ID, LKUP_CD, CRT_USER_ID, CRT_TMSTMP) values (3, 'US', 4, 'AR', 'mnicholson@ntelx.com', '2016-04-25 18:24:40');
insert into PARNT_LKUP_CD (PARNT_LKUP_TABL_ID, PARNT_LKUP_CD, LKUP_TABL_ID, LKUP_CD, CRT_USER_ID, CRT_TMSTMP) values (3, 'US', 4, 'AS', 'mnicholson@ntelx.com', '2016-04-25 18:24:40');
insert into PARNT_LKUP_CD (PARNT_LKUP_TABL_ID, PARNT_LKUP_CD, LKUP_TABL_ID, LKUP_CD, CRT_USER_ID, CRT_TMSTMP) values (3, 'US', 4, 'AZ', 'mnicholson@ntelx.com', '2016-04-25 18:24:40');
insert into PARNT_LKUP_CD (PARNT_LKUP_TABL_ID, PARNT_LKUP_CD, LKUP_TABL_ID, LKUP_CD, CRT_USER_ID, CRT_TMSTMP) values (3, 'US', 4, 'CA', 'mnicholson@ntelx.com', '2016-04-25 18:24:40');
insert into PARNT_LKUP_CD (PARNT_LKUP_TABL_ID, PARNT_LKUP_CD, LKUP_TABL_ID, LKUP_CD, CRT_USER_ID, CRT_TMSTMP) values (3, 'US', 4, 'CO', 'mnicholson@ntelx.com', '2016-04-25 18:24:40');
insert into PARNT_LKUP_CD (PARNT_LKUP_TABL_ID, PARNT_LKUP_CD, LKUP_TABL_ID, LKUP_CD, CRT_USER_ID, CRT_TMSTMP) values (3, 'US', 4, 'CT', 'mnicholson@ntelx.com', '2016-04-25 18:24:40');
insert into PARNT_LKUP_CD (PARNT_LKUP_TABL_ID, PARNT_LKUP_CD, LKUP_TABL_ID, LKUP_CD, CRT_USER_ID, CRT_TMSTMP) values (3, 'US', 4, 'DC', 'mnicholson@ntelx.com', '2016-04-25 18:24:40');
insert into PARNT_LKUP_CD (PARNT_LKUP_TABL_ID, PARNT_LKUP_CD, LKUP_TABL_ID, LKUP_CD, CRT_USER_ID, CRT_TMSTMP) values (3, 'US', 4, 'DE', 'mnicholson@ntelx.com', '2016-04-25 18:24:40');
insert into PARNT_LKUP_CD (PARNT_LKUP_TABL_ID, PARNT_LKUP_CD, LKUP_TABL_ID, LKUP_CD, CRT_USER_ID, CRT_TMSTMP) values (3, 'US', 4, 'FL', 'mnicholson@ntelx.com', '2016-04-25 18:24:40');
insert into PARNT_LKUP_CD (PARNT_LKUP_TABL_ID, PARNT_LKUP_CD, LKUP_TABL_ID, LKUP_CD, CRT_USER_ID, CRT_TMSTMP) values (3, 'US', 4, 'FM', 'mnicholson@ntelx.com', '2016-04-25 18:24:40');
insert into PARNT_LKUP_CD (PARNT_LKUP_TABL_ID, PARNT_LKUP_CD, LKUP_TABL_ID, LKUP_CD, CRT_USER_ID, CRT_TMSTMP) values (3, 'US', 4, 'GA', 'mnicholson@ntelx.com', '2016-04-25 18:24:40');
insert into PARNT_LKUP_CD (PARNT_LKUP_TABL_ID, PARNT_LKUP_CD, LKUP_TABL_ID, LKUP_CD, CRT_USER_ID, CRT_TMSTMP) values (3, 'US', 4, 'GU', 'mnicholson@ntelx.com', '2016-04-25 18:24:40');
insert into PARNT_LKUP_CD (PARNT_LKUP_TABL_ID, PARNT_LKUP_CD, LKUP_TABL_ID, LKUP_CD, CRT_USER_ID, CRT_TMSTMP) values (3, 'US', 4, 'HI', 'mnicholson@ntelx.com', '2016-04-25 18:24:40');
insert into PARNT_LKUP_CD (PARNT_LKUP_TABL_ID, PARNT_LKUP_CD, LKUP_TABL_ID, LKUP_CD, CRT_USER_ID, CRT_TMSTMP) values (3, 'US', 4, 'IA', 'mnicholson@ntelx.com', '2016-04-25 18:24:40');
insert into PARNT_LKUP_CD (PARNT_LKUP_TABL_ID, PARNT_LKUP_CD, LKUP_TABL_ID, LKUP_CD, CRT_USER_ID, CRT_TMSTMP) values (3, 'US', 4, 'ID', 'mnicholson@ntelx.com', '2016-04-25 18:24:40');
insert into PARNT_LKUP_CD (PARNT_LKUP_TABL_ID, PARNT_LKUP_CD, LKUP_TABL_ID, LKUP_CD, CRT_USER_ID, CRT_TMSTMP) values (3, 'US', 4, 'IL', 'mnicholson@ntelx.com', '2016-04-25 18:24:40');
insert into PARNT_LKUP_CD (PARNT_LKUP_TABL_ID, PARNT_LKUP_CD, LKUP_TABL_ID, LKUP_CD, CRT_USER_ID, CRT_TMSTMP) values (3, 'US', 4, 'IN', 'mnicholson@ntelx.com', '2016-04-25 18:24:40');
insert into PARNT_LKUP_CD (PARNT_LKUP_TABL_ID, PARNT_LKUP_CD, LKUP_TABL_ID, LKUP_CD, CRT_USER_ID, CRT_TMSTMP) values (3, 'US', 4, 'KS', 'mnicholson@ntelx.com', '2016-04-25 18:24:40');
insert into PARNT_LKUP_CD (PARNT_LKUP_TABL_ID, PARNT_LKUP_CD, LKUP_TABL_ID, LKUP_CD, CRT_USER_ID, CRT_TMSTMP) values (3, 'US', 4, 'KY', 'mnicholson@ntelx.com', '2016-04-25 18:24:40');
insert into PARNT_LKUP_CD (PARNT_LKUP_TABL_ID, PARNT_LKUP_CD, LKUP_TABL_ID, LKUP_CD, CRT_USER_ID, CRT_TMSTMP) values (3, 'US', 4, 'LA', 'mnicholson@ntelx.com', '2016-04-25 18:24:40');
insert into PARNT_LKUP_CD (PARNT_LKUP_TABL_ID, PARNT_LKUP_CD, LKUP_TABL_ID, LKUP_CD, CRT_USER_ID, CRT_TMSTMP) values (3, 'US', 4, 'MA', 'mnicholson@ntelx.com', '2016-04-25 18:24:40');
insert into PARNT_LKUP_CD (PARNT_LKUP_TABL_ID, PARNT_LKUP_CD, LKUP_TABL_ID, LKUP_CD, CRT_USER_ID, CRT_TMSTMP) values (3, 'US', 4, 'MD', 'mnicholson@ntelx.com', '2016-04-25 18:24:40');
insert into PARNT_LKUP_CD (PARNT_LKUP_TABL_ID, PARNT_LKUP_CD, LKUP_TABL_ID, LKUP_CD, CRT_USER_ID, CRT_TMSTMP) values (3, 'US', 4, 'ME', 'mnicholson@ntelx.com', '2016-04-25 18:24:40');
insert into PARNT_LKUP_CD (PARNT_LKUP_TABL_ID, PARNT_LKUP_CD, LKUP_TABL_ID, LKUP_CD, CRT_USER_ID, CRT_TMSTMP) values (3, 'US', 4, 'MH', 'mnicholson@ntelx.com', '2016-04-25 18:24:40');
insert into PARNT_LKUP_CD (PARNT_LKUP_TABL_ID, PARNT_LKUP_CD, LKUP_TABL_ID, LKUP_CD, CRT_USER_ID, CRT_TMSTMP) values (3, 'US', 4, 'MI', 'mnicholson@ntelx.com', '2016-04-25 18:24:40');
insert into PARNT_LKUP_CD (PARNT_LKUP_TABL_ID, PARNT_LKUP_CD, LKUP_TABL_ID, LKUP_CD, CRT_USER_ID, CRT_TMSTMP) values (3, 'US', 4, 'MN', 'mnicholson@ntelx.com', '2016-04-25 18:24:40');
insert into PARNT_LKUP_CD (PARNT_LKUP_TABL_ID, PARNT_LKUP_CD, LKUP_TABL_ID, LKUP_CD, CRT_USER_ID, CRT_TMSTMP) values (3, 'US', 4, 'MO', 'mnicholson@ntelx.com', '2016-04-25 18:24:40');
insert into PARNT_LKUP_CD (PARNT_LKUP_TABL_ID, PARNT_LKUP_CD, LKUP_TABL_ID, LKUP_CD, CRT_USER_ID, CRT_TMSTMP) values (3, 'US', 4, 'MP', 'mnicholson@ntelx.com', '2016-04-25 18:24:40');
insert into PARNT_LKUP_CD (PARNT_LKUP_TABL_ID, PARNT_LKUP_CD, LKUP_TABL_ID, LKUP_CD, CRT_USER_ID, CRT_TMSTMP) values (3, 'US', 4, 'MS', 'mnicholson@ntelx.com', '2016-04-25 18:24:40');
insert into PARNT_LKUP_CD (PARNT_LKUP_TABL_ID, PARNT_LKUP_CD, LKUP_TABL_ID, LKUP_CD, CRT_USER_ID, CRT_TMSTMP) values (3, 'US', 4, 'MT', 'mnicholson@ntelx.com', '2016-04-25 18:24:40');
insert into PARNT_LKUP_CD (PARNT_LKUP_TABL_ID, PARNT_LKUP_CD, LKUP_TABL_ID, LKUP_CD, CRT_USER_ID, CRT_TMSTMP) values (3, 'US', 4, 'NC', 'mnicholson@ntelx.com', '2016-04-25 18:24:40');
insert into PARNT_LKUP_CD (PARNT_LKUP_TABL_ID, PARNT_LKUP_CD, LKUP_TABL_ID, LKUP_CD, CRT_USER_ID, CRT_TMSTMP) values (3, 'US', 4, 'ND', 'mnicholson@ntelx.com', '2016-04-25 18:24:40');
insert into PARNT_LKUP_CD (PARNT_LKUP_TABL_ID, PARNT_LKUP_CD, LKUP_TABL_ID, LKUP_CD, CRT_USER_ID, CRT_TMSTMP) values (3, 'US', 4, 'NE', 'mnicholson@ntelx.com', '2016-04-25 18:24:40');
insert into PARNT_LKUP_CD (PARNT_LKUP_TABL_ID, PARNT_LKUP_CD, LKUP_TABL_ID, LKUP_CD, CRT_USER_ID, CRT_TMSTMP) values (3, 'US', 4, 'NH', 'mnicholson@ntelx.com', '2016-04-25 18:24:40');
insert into PARNT_LKUP_CD (PARNT_LKUP_TABL_ID, PARNT_LKUP_CD, LKUP_TABL_ID, LKUP_CD, CRT_USER_ID, CRT_TMSTMP) values (3, 'US', 4, 'NJ', 'mnicholson@ntelx.com', '2016-04-25 18:24:40');
insert into PARNT_LKUP_CD (PARNT_LKUP_TABL_ID, PARNT_LKUP_CD, LKUP_TABL_ID, LKUP_CD, CRT_USER_ID, CRT_TMSTMP) values (3, 'US', 4, 'NM', 'mnicholson@ntelx.com', '2016-04-25 18:24:40');
insert into PARNT_LKUP_CD (PARNT_LKUP_TABL_ID, PARNT_LKUP_CD, LKUP_TABL_ID, LKUP_CD, CRT_USER_ID, CRT_TMSTMP) values (3, 'US', 4, 'NV', 'mnicholson@ntelx.com', '2016-04-25 18:24:40');
insert into PARNT_LKUP_CD (PARNT_LKUP_TABL_ID, PARNT_LKUP_CD, LKUP_TABL_ID, LKUP_CD, CRT_USER_ID, CRT_TMSTMP) values (3, 'US', 4, 'NY', 'mnicholson@ntelx.com', '2016-04-25 18:24:40');
insert into PARNT_LKUP_CD (PARNT_LKUP_TABL_ID, PARNT_LKUP_CD, LKUP_TABL_ID, LKUP_CD, CRT_USER_ID, CRT_TMSTMP) values (3, 'US', 4, 'OH', 'mnicholson@ntelx.com', '2016-04-25 18:24:40');
insert into PARNT_LKUP_CD (PARNT_LKUP_TABL_ID, PARNT_LKUP_CD, LKUP_TABL_ID, LKUP_CD, CRT_USER_ID, CRT_TMSTMP) values (3, 'US', 4, 'OK', 'mnicholson@ntelx.com', '2016-04-25 18:24:40');
insert into PARNT_LKUP_CD (PARNT_LKUP_TABL_ID, PARNT_LKUP_CD, LKUP_TABL_ID, LKUP_CD, CRT_USER_ID, CRT_TMSTMP) values (3, 'US', 4, 'OR', 'mnicholson@ntelx.com', '2016-04-25 18:24:40');
insert into PARNT_LKUP_CD (PARNT_LKUP_TABL_ID, PARNT_LKUP_CD, LKUP_TABL_ID, LKUP_CD, CRT_USER_ID, CRT_TMSTMP) values (3, 'US', 4, 'PA', 'mnicholson@ntelx.com', '2016-04-25 18:24:40');
insert into PARNT_LKUP_CD (PARNT_LKUP_TABL_ID, PARNT_LKUP_CD, LKUP_TABL_ID, LKUP_CD, CRT_USER_ID, CRT_TMSTMP) values (3, 'US', 4, 'PR', 'mnicholson@ntelx.com', '2016-04-25 18:24:40');
insert into PARNT_LKUP_CD (PARNT_LKUP_TABL_ID, PARNT_LKUP_CD, LKUP_TABL_ID, LKUP_CD, CRT_USER_ID, CRT_TMSTMP) values (3, 'US', 4, 'PW', 'mnicholson@ntelx.com', '2016-04-25 18:24:40');
insert into PARNT_LKUP_CD (PARNT_LKUP_TABL_ID, PARNT_LKUP_CD, LKUP_TABL_ID, LKUP_CD, CRT_USER_ID, CRT_TMSTMP) values (3, 'US', 4, 'RI', 'mnicholson@ntelx.com', '2016-04-25 18:24:40');
insert into PARNT_LKUP_CD (PARNT_LKUP_TABL_ID, PARNT_LKUP_CD, LKUP_TABL_ID, LKUP_CD, CRT_USER_ID, CRT_TMSTMP) values (3, 'US', 4, 'SC', 'mnicholson@ntelx.com', '2016-04-25 18:24:40');
insert into PARNT_LKUP_CD (PARNT_LKUP_TABL_ID, PARNT_LKUP_CD, LKUP_TABL_ID, LKUP_CD, CRT_USER_ID, CRT_TMSTMP) values (3, 'US', 4, 'SD', 'mnicholson@ntelx.com', '2016-04-25 18:24:40');
insert into PARNT_LKUP_CD (PARNT_LKUP_TABL_ID, PARNT_LKUP_CD, LKUP_TABL_ID, LKUP_CD, CRT_USER_ID, CRT_TMSTMP) values (3, 'US', 4, 'TN', 'mnicholson@ntelx.com', '2016-04-25 18:24:40');
insert into PARNT_LKUP_CD (PARNT_LKUP_TABL_ID, PARNT_LKUP_CD, LKUP_TABL_ID, LKUP_CD, CRT_USER_ID, CRT_TMSTMP) values (3, 'US', 4, 'TX', 'mnicholson@ntelx.com', '2016-04-25 18:24:40');
insert into PARNT_LKUP_CD (PARNT_LKUP_TABL_ID, PARNT_LKUP_CD, LKUP_TABL_ID, LKUP_CD, CRT_USER_ID, CRT_TMSTMP) values (3, 'US', 4, 'UM', 'mnicholson@ntelx.com', '2016-04-25 18:24:40');
insert into PARNT_LKUP_CD (PARNT_LKUP_TABL_ID, PARNT_LKUP_CD, LKUP_TABL_ID, LKUP_CD, CRT_USER_ID, CRT_TMSTMP) values (3, 'US', 4, 'UT', 'mnicholson@ntelx.com', '2016-04-25 18:24:40');
insert into PARNT_LKUP_CD (PARNT_LKUP_TABL_ID, PARNT_LKUP_CD, LKUP_TABL_ID, LKUP_CD, CRT_USER_ID, CRT_TMSTMP) values (3, 'US', 4, 'VA', 'mnicholson@ntelx.com', '2016-04-25 18:24:40');
insert into PARNT_LKUP_CD (PARNT_LKUP_TABL_ID, PARNT_LKUP_CD, LKUP_TABL_ID, LKUP_CD, CRT_USER_ID, CRT_TMSTMP) values (3, 'US', 4, 'VI', 'mnicholson@ntelx.com', '2016-04-25 18:24:40');
insert into PARNT_LKUP_CD (PARNT_LKUP_TABL_ID, PARNT_LKUP_CD, LKUP_TABL_ID, LKUP_CD, CRT_USER_ID, CRT_TMSTMP) values (3, 'US', 4, 'VT', 'mnicholson@ntelx.com', '2016-04-25 18:24:40');
insert into PARNT_LKUP_CD (PARNT_LKUP_TABL_ID, PARNT_LKUP_CD, LKUP_TABL_ID, LKUP_CD, CRT_USER_ID, CRT_TMSTMP) values (3, 'US', 4, 'WA', 'mnicholson@ntelx.com', '2016-04-25 18:24:40');
insert into PARNT_LKUP_CD (PARNT_LKUP_TABL_ID, PARNT_LKUP_CD, LKUP_TABL_ID, LKUP_CD, CRT_USER_ID, CRT_TMSTMP) values (3, 'US', 4, 'WI', 'mnicholson@ntelx.com', '2016-04-25 18:24:40');
insert into PARNT_LKUP_CD (PARNT_LKUP_TABL_ID, PARNT_LKUP_CD, LKUP_TABL_ID, LKUP_CD, CRT_USER_ID, CRT_TMSTMP) values (3, 'US', 4, 'WV', 'mnicholson@ntelx.com', '2016-04-25 18:24:40');
insert into PARNT_LKUP_CD (PARNT_LKUP_TABL_ID, PARNT_LKUP_CD, LKUP_TABL_ID, LKUP_CD, CRT_USER_ID, CRT_TMSTMP) values (3, 'US', 4, 'WY', 'mnicholson@ntelx.com', '2016-04-25 18:24:40');
insert into PARNT_LKUP_CD (PARNT_LKUP_TABL_ID, PARNT_LKUP_CD, LKUP_TABL_ID, LKUP_CD, CRT_USER_ID, CRT_TMSTMP) values (4, 'AK', 5, 'AK', 'mnicholson@ntelx.com', '2016-04-25 18:24:40');
insert into PARNT_LKUP_CD (PARNT_LKUP_TABL_ID, PARNT_LKUP_CD, LKUP_TABL_ID, LKUP_CD, CRT_USER_ID, CRT_TMSTMP) values (4, 'AK', 5, 'WA', 'mnicholson@ntelx.com', '2016-04-25 18:24:40');
insert into PARNT_LKUP_CD (PARNT_LKUP_TABL_ID, PARNT_LKUP_CD, LKUP_TABL_ID, LKUP_CD, CRT_USER_ID, CRT_TMSTMP) values (4, 'AL', 5, 'AL', 'mnicholson@ntelx.com', '2016-04-25 18:24:40');
insert into PARNT_LKUP_CD (PARNT_LKUP_TABL_ID, PARNT_LKUP_CD, LKUP_TABL_ID, LKUP_CD, CRT_USER_ID, CRT_TMSTMP) values (4, 'AL', 5, 'FL', 'mnicholson@ntelx.com', '2016-04-25 18:24:40');
insert into PARNT_LKUP_CD (PARNT_LKUP_TABL_ID, PARNT_LKUP_CD, LKUP_TABL_ID, LKUP_CD, CRT_USER_ID, CRT_TMSTMP) values (4, 'AL', 5, 'GA', 'mnicholson@ntelx.com', '2016-04-25 18:24:40');
insert into PARNT_LKUP_CD (PARNT_LKUP_TABL_ID, PARNT_LKUP_CD, LKUP_TABL_ID, LKUP_CD, CRT_USER_ID, CRT_TMSTMP) values (4, 'AL', 5, 'MS', 'mnicholson@ntelx.com', '2016-04-25 18:24:40');
insert into PARNT_LKUP_CD (PARNT_LKUP_TABL_ID, PARNT_LKUP_CD, LKUP_TABL_ID, LKUP_CD, CRT_USER_ID, CRT_TMSTMP) values (4, 'AL', 5, 'TN', 'mnicholson@ntelx.com', '2016-04-25 18:24:40');
insert into PARNT_LKUP_CD (PARNT_LKUP_TABL_ID, PARNT_LKUP_CD, LKUP_TABL_ID, LKUP_CD, CRT_USER_ID, CRT_TMSTMP) values (4, 'AR', 5, 'AR', 'mnicholson@ntelx.com', '2016-04-25 18:24:40');
insert into PARNT_LKUP_CD (PARNT_LKUP_TABL_ID, PARNT_LKUP_CD, LKUP_TABL_ID, LKUP_CD, CRT_USER_ID, CRT_TMSTMP) values (4, 'AR', 5, 'LA', 'mnicholson@ntelx.com', '2016-04-25 18:24:40');
insert into PARNT_LKUP_CD (PARNT_LKUP_TABL_ID, PARNT_LKUP_CD, LKUP_TABL_ID, LKUP_CD, CRT_USER_ID, CRT_TMSTMP) values (4, 'AR', 5, 'MO', 'mnicholson@ntelx.com', '2016-04-25 18:24:40');
insert into PARNT_LKUP_CD (PARNT_LKUP_TABL_ID, PARNT_LKUP_CD, LKUP_TABL_ID, LKUP_CD, CRT_USER_ID, CRT_TMSTMP) values (4, 'AR', 5, 'MS', 'mnicholson@ntelx.com', '2016-04-25 18:24:40');
insert into PARNT_LKUP_CD (PARNT_LKUP_TABL_ID, PARNT_LKUP_CD, LKUP_TABL_ID, LKUP_CD, CRT_USER_ID, CRT_TMSTMP) values (4, 'AR', 5, 'OK', 'mnicholson@ntelx.com', '2016-04-25 18:24:40');
insert into PARNT_LKUP_CD (PARNT_LKUP_TABL_ID, PARNT_LKUP_CD, LKUP_TABL_ID, LKUP_CD, CRT_USER_ID, CRT_TMSTMP) values (4, 'AR', 5, 'TN', 'mnicholson@ntelx.com', '2016-04-25 18:24:40');
insert into PARNT_LKUP_CD (PARNT_LKUP_TABL_ID, PARNT_LKUP_CD, LKUP_TABL_ID, LKUP_CD, CRT_USER_ID, CRT_TMSTMP) values (4, 'AR', 5, 'TX', 'mnicholson@ntelx.com', '2016-04-25 18:24:40');
insert into PARNT_LKUP_CD (PARNT_LKUP_TABL_ID, PARNT_LKUP_CD, LKUP_TABL_ID, LKUP_CD, CRT_USER_ID, CRT_TMSTMP) values (4, 'AZ', 5, 'AZ', 'mnicholson@ntelx.com', '2016-04-25 18:24:40');
insert into PARNT_LKUP_CD (PARNT_LKUP_TABL_ID, PARNT_LKUP_CD, LKUP_TABL_ID, LKUP_CD, CRT_USER_ID, CRT_TMSTMP) values (4, 'AZ', 5, 'CA', 'mnicholson@ntelx.com', '2016-04-25 18:24:40');
insert into PARNT_LKUP_CD (PARNT_LKUP_TABL_ID, PARNT_LKUP_CD, LKUP_TABL_ID, LKUP_CD, CRT_USER_ID, CRT_TMSTMP) values (4, 'AZ', 5, 'CO', 'mnicholson@ntelx.com', '2016-04-25 18:24:40');
insert into PARNT_LKUP_CD (PARNT_LKUP_TABL_ID, PARNT_LKUP_CD, LKUP_TABL_ID, LKUP_CD, CRT_USER_ID, CRT_TMSTMP) values (4, 'AZ', 5, 'NM', 'mnicholson@ntelx.com', '2016-04-25 18:24:40');
insert into PARNT_LKUP_CD (PARNT_LKUP_TABL_ID, PARNT_LKUP_CD, LKUP_TABL_ID, LKUP_CD, CRT_USER_ID, CRT_TMSTMP) values (4, 'AZ', 5, 'NV', 'mnicholson@ntelx.com', '2016-04-25 18:24:40');
insert into PARNT_LKUP_CD (PARNT_LKUP_TABL_ID, PARNT_LKUP_CD, LKUP_TABL_ID, LKUP_CD, CRT_USER_ID, CRT_TMSTMP) values (4, 'AZ', 5, 'UT', 'mnicholson@ntelx.com', '2016-04-25 18:24:40');
insert into PARNT_LKUP_CD (PARNT_LKUP_TABL_ID, PARNT_LKUP_CD, LKUP_TABL_ID, LKUP_CD, CRT_USER_ID, CRT_TMSTMP) values (4, 'CA', 5, 'CA', 'mnicholson@ntelx.com', '2016-04-25 18:24:40');
insert into PARNT_LKUP_CD (PARNT_LKUP_TABL_ID, PARNT_LKUP_CD, LKUP_TABL_ID, LKUP_CD, CRT_USER_ID, CRT_TMSTMP) values (4, 'CA', 5, 'HI', 'mnicholson@ntelx.com', '2016-04-25 18:24:40');
insert into PARNT_LKUP_CD (PARNT_LKUP_TABL_ID, PARNT_LKUP_CD, LKUP_TABL_ID, LKUP_CD, CRT_USER_ID, CRT_TMSTMP) values (4, 'CA', 5, 'NV', 'mnicholson@ntelx.com', '2016-04-25 18:24:40');
insert into PARNT_LKUP_CD (PARNT_LKUP_TABL_ID, PARNT_LKUP_CD, LKUP_TABL_ID, LKUP_CD, CRT_USER_ID, CRT_TMSTMP) values (4, 'CA', 5, 'OR', 'mnicholson@ntelx.com', '2016-04-25 18:24:40');
insert into PARNT_LKUP_CD (PARNT_LKUP_TABL_ID, PARNT_LKUP_CD, LKUP_TABL_ID, LKUP_CD, CRT_USER_ID, CRT_TMSTMP) values (4, 'CO', 5, 'CO', 'mnicholson@ntelx.com', '2016-04-25 18:24:40');
insert into PARNT_LKUP_CD (PARNT_LKUP_TABL_ID, PARNT_LKUP_CD, LKUP_TABL_ID, LKUP_CD, CRT_USER_ID, CRT_TMSTMP) values (4, 'CO', 5, 'KS', 'mnicholson@ntelx.com', '2016-04-25 18:24:40');
insert into PARNT_LKUP_CD (PARNT_LKUP_TABL_ID, PARNT_LKUP_CD, LKUP_TABL_ID, LKUP_CD, CRT_USER_ID, CRT_TMSTMP) values (4, 'CO', 5, 'NE', 'mnicholson@ntelx.com', '2016-04-25 18:24:40');
insert into PARNT_LKUP_CD (PARNT_LKUP_TABL_ID, PARNT_LKUP_CD, LKUP_TABL_ID, LKUP_CD, CRT_USER_ID, CRT_TMSTMP) values (4, 'CO', 5, 'NM', 'mnicholson@ntelx.com', '2016-04-25 18:24:40');
insert into PARNT_LKUP_CD (PARNT_LKUP_TABL_ID, PARNT_LKUP_CD, LKUP_TABL_ID, LKUP_CD, CRT_USER_ID, CRT_TMSTMP) values (4, 'CO', 5, 'OK', 'mnicholson@ntelx.com', '2016-04-25 18:24:40');
insert into PARNT_LKUP_CD (PARNT_LKUP_TABL_ID, PARNT_LKUP_CD, LKUP_TABL_ID, LKUP_CD, CRT_USER_ID, CRT_TMSTMP) values (4, 'CO', 5, 'UT', 'mnicholson@ntelx.com', '2016-04-25 18:24:40');
insert into PARNT_LKUP_CD (PARNT_LKUP_TABL_ID, PARNT_LKUP_CD, LKUP_TABL_ID, LKUP_CD, CRT_USER_ID, CRT_TMSTMP) values (4, 'CO', 5, 'WY', 'mnicholson@ntelx.com', '2016-04-25 18:24:40');
insert into PARNT_LKUP_CD (PARNT_LKUP_TABL_ID, PARNT_LKUP_CD, LKUP_TABL_ID, LKUP_CD, CRT_USER_ID, CRT_TMSTMP) values (4, 'CT', 5, 'CT', 'mnicholson@ntelx.com', '2016-04-25 18:24:40');
insert into PARNT_LKUP_CD (PARNT_LKUP_TABL_ID, PARNT_LKUP_CD, LKUP_TABL_ID, LKUP_CD, CRT_USER_ID, CRT_TMSTMP) values (4, 'CT', 5, 'MA', 'mnicholson@ntelx.com', '2016-04-25 18:24:40');
insert into PARNT_LKUP_CD (PARNT_LKUP_TABL_ID, PARNT_LKUP_CD, LKUP_TABL_ID, LKUP_CD, CRT_USER_ID, CRT_TMSTMP) values (4, 'CT', 5, 'NY', 'mnicholson@ntelx.com', '2016-04-25 18:24:40');
insert into PARNT_LKUP_CD (PARNT_LKUP_TABL_ID, PARNT_LKUP_CD, LKUP_TABL_ID, LKUP_CD, CRT_USER_ID, CRT_TMSTMP) values (4, 'CT', 5, 'RI', 'mnicholson@ntelx.com', '2016-04-25 18:24:40');
insert into PARNT_LKUP_CD (PARNT_LKUP_TABL_ID, PARNT_LKUP_CD, LKUP_TABL_ID, LKUP_CD, CRT_USER_ID, CRT_TMSTMP) values (4, 'DC', 5, 'DC', 'mnicholson@ntelx.com', '2016-04-25 18:24:40');
insert into PARNT_LKUP_CD (PARNT_LKUP_TABL_ID, PARNT_LKUP_CD, LKUP_TABL_ID, LKUP_CD, CRT_USER_ID, CRT_TMSTMP) values (4, 'DC', 5, 'MD', 'mnicholson@ntelx.com', '2016-04-25 18:24:40');
insert into PARNT_LKUP_CD (PARNT_LKUP_TABL_ID, PARNT_LKUP_CD, LKUP_TABL_ID, LKUP_CD, CRT_USER_ID, CRT_TMSTMP) values (4, 'DC', 5, 'VA', 'mnicholson@ntelx.com', '2016-04-25 18:24:40');
insert into PARNT_LKUP_CD (PARNT_LKUP_TABL_ID, PARNT_LKUP_CD, LKUP_TABL_ID, LKUP_CD, CRT_USER_ID, CRT_TMSTMP) values (4, 'DE', 5, 'DE', 'mnicholson@ntelx.com', '2016-04-25 18:24:40');
insert into PARNT_LKUP_CD (PARNT_LKUP_TABL_ID, PARNT_LKUP_CD, LKUP_TABL_ID, LKUP_CD, CRT_USER_ID, CRT_TMSTMP) values (4, 'DE', 5, 'MD', 'mnicholson@ntelx.com', '2016-04-25 18:24:40');
insert into PARNT_LKUP_CD (PARNT_LKUP_TABL_ID, PARNT_LKUP_CD, LKUP_TABL_ID, LKUP_CD, CRT_USER_ID, CRT_TMSTMP) values (4, 'DE', 5, 'NJ', 'mnicholson@ntelx.com', '2016-04-25 18:24:40');
insert into PARNT_LKUP_CD (PARNT_LKUP_TABL_ID, PARNT_LKUP_CD, LKUP_TABL_ID, LKUP_CD, CRT_USER_ID, CRT_TMSTMP) values (4, 'DE', 5, 'PA', 'mnicholson@ntelx.com', '2016-04-25 18:24:40');
insert into PARNT_LKUP_CD (PARNT_LKUP_TABL_ID, PARNT_LKUP_CD, LKUP_TABL_ID, LKUP_CD, CRT_USER_ID, CRT_TMSTMP) values (4, 'FL', 5, 'AL', 'mnicholson@ntelx.com', '2016-04-25 18:24:40');
insert into PARNT_LKUP_CD (PARNT_LKUP_TABL_ID, PARNT_LKUP_CD, LKUP_TABL_ID, LKUP_CD, CRT_USER_ID, CRT_TMSTMP) values (4, 'FL', 5, 'FL', 'mnicholson@ntelx.com', '2016-04-25 18:24:40');
insert into PARNT_LKUP_CD (PARNT_LKUP_TABL_ID, PARNT_LKUP_CD, LKUP_TABL_ID, LKUP_CD, CRT_USER_ID, CRT_TMSTMP) values (4, 'FL', 5, 'GA', 'mnicholson@ntelx.com', '2016-04-25 18:24:40');
insert into PARNT_LKUP_CD (PARNT_LKUP_TABL_ID, PARNT_LKUP_CD, LKUP_TABL_ID, LKUP_CD, CRT_USER_ID, CRT_TMSTMP) values (4, 'GA', 5, 'AL', 'mnicholson@ntelx.com', '2016-04-25 18:24:40');
insert into PARNT_LKUP_CD (PARNT_LKUP_TABL_ID, PARNT_LKUP_CD, LKUP_TABL_ID, LKUP_CD, CRT_USER_ID, CRT_TMSTMP) values (4, 'GA', 5, 'FL', 'mnicholson@ntelx.com', '2016-04-25 18:24:40');
insert into PARNT_LKUP_CD (PARNT_LKUP_TABL_ID, PARNT_LKUP_CD, LKUP_TABL_ID, LKUP_CD, CRT_USER_ID, CRT_TMSTMP) values (4, 'GA', 5, 'GA', 'mnicholson@ntelx.com', '2016-04-25 18:24:40');
insert into PARNT_LKUP_CD (PARNT_LKUP_TABL_ID, PARNT_LKUP_CD, LKUP_TABL_ID, LKUP_CD, CRT_USER_ID, CRT_TMSTMP) values (4, 'GA', 5, 'NC', 'mnicholson@ntelx.com', '2016-04-25 18:24:40');
insert into PARNT_LKUP_CD (PARNT_LKUP_TABL_ID, PARNT_LKUP_CD, LKUP_TABL_ID, LKUP_CD, CRT_USER_ID, CRT_TMSTMP) values (4, 'GA', 5, 'SC', 'mnicholson@ntelx.com', '2016-04-25 18:24:40');
insert into PARNT_LKUP_CD (PARNT_LKUP_TABL_ID, PARNT_LKUP_CD, LKUP_TABL_ID, LKUP_CD, CRT_USER_ID, CRT_TMSTMP) values (4, 'GA', 5, 'TN', 'mnicholson@ntelx.com', '2016-04-25 18:24:40');
insert into PARNT_LKUP_CD (PARNT_LKUP_TABL_ID, PARNT_LKUP_CD, LKUP_TABL_ID, LKUP_CD, CRT_USER_ID, CRT_TMSTMP) values (4, 'HI', 5, 'HI', 'mnicholson@ntelx.com', '2016-04-25 18:24:40');
insert into PARNT_LKUP_CD (PARNT_LKUP_TABL_ID, PARNT_LKUP_CD, LKUP_TABL_ID, LKUP_CD, CRT_USER_ID, CRT_TMSTMP) values (4, 'IA', 5, 'IA', 'mnicholson@ntelx.com', '2016-04-25 18:24:40');
insert into PARNT_LKUP_CD (PARNT_LKUP_TABL_ID, PARNT_LKUP_CD, LKUP_TABL_ID, LKUP_CD, CRT_USER_ID, CRT_TMSTMP) values (4, 'IA', 5, 'IL', 'mnicholson@ntelx.com', '2016-04-25 18:24:40');
insert into PARNT_LKUP_CD (PARNT_LKUP_TABL_ID, PARNT_LKUP_CD, LKUP_TABL_ID, LKUP_CD, CRT_USER_ID, CRT_TMSTMP) values (4, 'IA', 5, 'MN', 'mnicholson@ntelx.com', '2016-04-25 18:24:40');
insert into PARNT_LKUP_CD (PARNT_LKUP_TABL_ID, PARNT_LKUP_CD, LKUP_TABL_ID, LKUP_CD, CRT_USER_ID, CRT_TMSTMP) values (4, 'IA', 5, 'MO', 'mnicholson@ntelx.com', '2016-04-25 18:24:40');
insert into PARNT_LKUP_CD (PARNT_LKUP_TABL_ID, PARNT_LKUP_CD, LKUP_TABL_ID, LKUP_CD, CRT_USER_ID, CRT_TMSTMP) values (4, 'IA', 5, 'NE', 'mnicholson@ntelx.com', '2016-04-25 18:24:40');
insert into PARNT_LKUP_CD (PARNT_LKUP_TABL_ID, PARNT_LKUP_CD, LKUP_TABL_ID, LKUP_CD, CRT_USER_ID, CRT_TMSTMP) values (4, 'IA', 5, 'SD', 'mnicholson@ntelx.com', '2016-04-25 18:24:40');
insert into PARNT_LKUP_CD (PARNT_LKUP_TABL_ID, PARNT_LKUP_CD, LKUP_TABL_ID, LKUP_CD, CRT_USER_ID, CRT_TMSTMP) values (4, 'IA', 5, 'WI', 'mnicholson@ntelx.com', '2016-04-25 18:24:40');
insert into PARNT_LKUP_CD (PARNT_LKUP_TABL_ID, PARNT_LKUP_CD, LKUP_TABL_ID, LKUP_CD, CRT_USER_ID, CRT_TMSTMP) values (4, 'ID', 5, 'ID', 'mnicholson@ntelx.com', '2016-04-25 18:24:40');
insert into PARNT_LKUP_CD (PARNT_LKUP_TABL_ID, PARNT_LKUP_CD, LKUP_TABL_ID, LKUP_CD, CRT_USER_ID, CRT_TMSTMP) values (4, 'ID', 5, 'MT', 'mnicholson@ntelx.com', '2016-04-25 18:24:40');
insert into PARNT_LKUP_CD (PARNT_LKUP_TABL_ID, PARNT_LKUP_CD, LKUP_TABL_ID, LKUP_CD, CRT_USER_ID, CRT_TMSTMP) values (4, 'ID', 5, 'NV', 'mnicholson@ntelx.com', '2016-04-25 18:24:40');
insert into PARNT_LKUP_CD (PARNT_LKUP_TABL_ID, PARNT_LKUP_CD, LKUP_TABL_ID, LKUP_CD, CRT_USER_ID, CRT_TMSTMP) values (4, 'ID', 5, 'OR', 'mnicholson@ntelx.com', '2016-04-25 18:24:40');
insert into PARNT_LKUP_CD (PARNT_LKUP_TABL_ID, PARNT_LKUP_CD, LKUP_TABL_ID, LKUP_CD, CRT_USER_ID, CRT_TMSTMP) values (4, 'ID', 5, 'UT', 'mnicholson@ntelx.com', '2016-04-25 18:24:40');
insert into PARNT_LKUP_CD (PARNT_LKUP_TABL_ID, PARNT_LKUP_CD, LKUP_TABL_ID, LKUP_CD, CRT_USER_ID, CRT_TMSTMP) values (4, 'ID', 5, 'WA', 'mnicholson@ntelx.com', '2016-04-25 18:24:40');
insert into PARNT_LKUP_CD (PARNT_LKUP_TABL_ID, PARNT_LKUP_CD, LKUP_TABL_ID, LKUP_CD, CRT_USER_ID, CRT_TMSTMP) values (4, 'ID', 5, 'WY', 'mnicholson@ntelx.com', '2016-04-25 18:24:40');
insert into PARNT_LKUP_CD (PARNT_LKUP_TABL_ID, PARNT_LKUP_CD, LKUP_TABL_ID, LKUP_CD, CRT_USER_ID, CRT_TMSTMP) values (4, 'IL', 5, 'IA', 'mnicholson@ntelx.com', '2016-04-25 18:24:40');
insert into PARNT_LKUP_CD (PARNT_LKUP_TABL_ID, PARNT_LKUP_CD, LKUP_TABL_ID, LKUP_CD, CRT_USER_ID, CRT_TMSTMP) values (4, 'IL', 5, 'IL', 'mnicholson@ntelx.com', '2016-04-25 18:24:40');
insert into PARNT_LKUP_CD (PARNT_LKUP_TABL_ID, PARNT_LKUP_CD, LKUP_TABL_ID, LKUP_CD, CRT_USER_ID, CRT_TMSTMP) values (4, 'IL', 5, 'IN', 'mnicholson@ntelx.com', '2016-04-25 18:24:40');
insert into PARNT_LKUP_CD (PARNT_LKUP_TABL_ID, PARNT_LKUP_CD, LKUP_TABL_ID, LKUP_CD, CRT_USER_ID, CRT_TMSTMP) values (4, 'IL', 5, 'KY', 'mnicholson@ntelx.com', '2016-04-25 18:24:40');
insert into PARNT_LKUP_CD (PARNT_LKUP_TABL_ID, PARNT_LKUP_CD, LKUP_TABL_ID, LKUP_CD, CRT_USER_ID, CRT_TMSTMP) values (4, 'IL', 5, 'MO', 'mnicholson@ntelx.com', '2016-04-25 18:24:40');
insert into PARNT_LKUP_CD (PARNT_LKUP_TABL_ID, PARNT_LKUP_CD, LKUP_TABL_ID, LKUP_CD, CRT_USER_ID, CRT_TMSTMP) values (4, 'IL', 5, 'WI', 'mnicholson@ntelx.com', '2016-04-25 18:24:40');
insert into PARNT_LKUP_CD (PARNT_LKUP_TABL_ID, PARNT_LKUP_CD, LKUP_TABL_ID, LKUP_CD, CRT_USER_ID, CRT_TMSTMP) values (4, 'IN', 5, 'IL', 'mnicholson@ntelx.com', '2016-04-25 18:24:40');
insert into PARNT_LKUP_CD (PARNT_LKUP_TABL_ID, PARNT_LKUP_CD, LKUP_TABL_ID, LKUP_CD, CRT_USER_ID, CRT_TMSTMP) values (4, 'IN', 5, 'IN', 'mnicholson@ntelx.com', '2016-04-25 18:24:40');
insert into PARNT_LKUP_CD (PARNT_LKUP_TABL_ID, PARNT_LKUP_CD, LKUP_TABL_ID, LKUP_CD, CRT_USER_ID, CRT_TMSTMP) values (4, 'IN', 5, 'KY', 'mnicholson@ntelx.com', '2016-04-25 18:24:40');
insert into PARNT_LKUP_CD (PARNT_LKUP_TABL_ID, PARNT_LKUP_CD, LKUP_TABL_ID, LKUP_CD, CRT_USER_ID, CRT_TMSTMP) values (4, 'IN', 5, 'MI', 'mnicholson@ntelx.com', '2016-04-25 18:24:40');
insert into PARNT_LKUP_CD (PARNT_LKUP_TABL_ID, PARNT_LKUP_CD, LKUP_TABL_ID, LKUP_CD, CRT_USER_ID, CRT_TMSTMP) values (4, 'IN', 5, 'OH', 'mnicholson@ntelx.com', '2016-04-25 18:24:40');
insert into PARNT_LKUP_CD (PARNT_LKUP_TABL_ID, PARNT_LKUP_CD, LKUP_TABL_ID, LKUP_CD, CRT_USER_ID, CRT_TMSTMP) values (4, 'KS', 5, 'CO', 'mnicholson@ntelx.com', '2016-04-25 18:24:40');
insert into PARNT_LKUP_CD (PARNT_LKUP_TABL_ID, PARNT_LKUP_CD, LKUP_TABL_ID, LKUP_CD, CRT_USER_ID, CRT_TMSTMP) values (4, 'KS', 5, 'KS', 'mnicholson@ntelx.com', '2016-04-25 18:24:40');
insert into PARNT_LKUP_CD (PARNT_LKUP_TABL_ID, PARNT_LKUP_CD, LKUP_TABL_ID, LKUP_CD, CRT_USER_ID, CRT_TMSTMP) values (4, 'KS', 5, 'MO', 'mnicholson@ntelx.com', '2016-04-25 18:24:40');
insert into PARNT_LKUP_CD (PARNT_LKUP_TABL_ID, PARNT_LKUP_CD, LKUP_TABL_ID, LKUP_CD, CRT_USER_ID, CRT_TMSTMP) values (4, 'KS', 5, 'NE', 'mnicholson@ntelx.com', '2016-04-25 18:24:40');
insert into PARNT_LKUP_CD (PARNT_LKUP_TABL_ID, PARNT_LKUP_CD, LKUP_TABL_ID, LKUP_CD, CRT_USER_ID, CRT_TMSTMP) values (4, 'KS', 5, 'OK', 'mnicholson@ntelx.com', '2016-04-25 18:24:40');
insert into PARNT_LKUP_CD (PARNT_LKUP_TABL_ID, PARNT_LKUP_CD, LKUP_TABL_ID, LKUP_CD, CRT_USER_ID, CRT_TMSTMP) values (4, 'KY', 5, 'IL', 'mnicholson@ntelx.com', '2016-04-25 18:24:40');
insert into PARNT_LKUP_CD (PARNT_LKUP_TABL_ID, PARNT_LKUP_CD, LKUP_TABL_ID, LKUP_CD, CRT_USER_ID, CRT_TMSTMP) values (4, 'KY', 5, 'IN', 'mnicholson@ntelx.com', '2016-04-25 18:24:40');
insert into PARNT_LKUP_CD (PARNT_LKUP_TABL_ID, PARNT_LKUP_CD, LKUP_TABL_ID, LKUP_CD, CRT_USER_ID, CRT_TMSTMP) values (4, 'KY', 5, 'KY', 'mnicholson@ntelx.com', '2016-04-25 18:24:40');
insert into PARNT_LKUP_CD (PARNT_LKUP_TABL_ID, PARNT_LKUP_CD, LKUP_TABL_ID, LKUP_CD, CRT_USER_ID, CRT_TMSTMP) values (4, 'KY', 5, 'MO', 'mnicholson@ntelx.com', '2016-04-25 18:24:40');
insert into PARNT_LKUP_CD (PARNT_LKUP_TABL_ID, PARNT_LKUP_CD, LKUP_TABL_ID, LKUP_CD, CRT_USER_ID, CRT_TMSTMP) values (4, 'KY', 5, 'OH', 'mnicholson@ntelx.com', '2016-04-25 18:24:40');
insert into PARNT_LKUP_CD (PARNT_LKUP_TABL_ID, PARNT_LKUP_CD, LKUP_TABL_ID, LKUP_CD, CRT_USER_ID, CRT_TMSTMP) values (4, 'KY', 5, 'TN', 'mnicholson@ntelx.com', '2016-04-25 18:24:40');
insert into PARNT_LKUP_CD (PARNT_LKUP_TABL_ID, PARNT_LKUP_CD, LKUP_TABL_ID, LKUP_CD, CRT_USER_ID, CRT_TMSTMP) values (4, 'KY', 5, 'VA', 'mnicholson@ntelx.com', '2016-04-25 18:24:40');
insert into PARNT_LKUP_CD (PARNT_LKUP_TABL_ID, PARNT_LKUP_CD, LKUP_TABL_ID, LKUP_CD, CRT_USER_ID, CRT_TMSTMP) values (4, 'KY', 5, 'WV', 'mnicholson@ntelx.com', '2016-04-25 18:24:40');
insert into PARNT_LKUP_CD (PARNT_LKUP_TABL_ID, PARNT_LKUP_CD, LKUP_TABL_ID, LKUP_CD, CRT_USER_ID, CRT_TMSTMP) values (4, 'LA', 5, 'AR', 'mnicholson@ntelx.com', '2016-04-25 18:24:40');
insert into PARNT_LKUP_CD (PARNT_LKUP_TABL_ID, PARNT_LKUP_CD, LKUP_TABL_ID, LKUP_CD, CRT_USER_ID, CRT_TMSTMP) values (4, 'LA', 5, 'LA', 'mnicholson@ntelx.com', '2016-04-25 18:24:40');
insert into PARNT_LKUP_CD (PARNT_LKUP_TABL_ID, PARNT_LKUP_CD, LKUP_TABL_ID, LKUP_CD, CRT_USER_ID, CRT_TMSTMP) values (4, 'LA', 5, 'MS', 'mnicholson@ntelx.com', '2016-04-25 18:24:40');
insert into PARNT_LKUP_CD (PARNT_LKUP_TABL_ID, PARNT_LKUP_CD, LKUP_TABL_ID, LKUP_CD, CRT_USER_ID, CRT_TMSTMP) values (4, 'LA', 5, 'TX', 'mnicholson@ntelx.com', '2016-04-25 18:24:40');
insert into PARNT_LKUP_CD (PARNT_LKUP_TABL_ID, PARNT_LKUP_CD, LKUP_TABL_ID, LKUP_CD, CRT_USER_ID, CRT_TMSTMP) values (4, 'MA', 5, 'CT', 'mnicholson@ntelx.com', '2016-04-25 18:24:40');
insert into PARNT_LKUP_CD (PARNT_LKUP_TABL_ID, PARNT_LKUP_CD, LKUP_TABL_ID, LKUP_CD, CRT_USER_ID, CRT_TMSTMP) values (4, 'MA', 5, 'MA', 'mnicholson@ntelx.com', '2016-04-25 18:24:40');
insert into PARNT_LKUP_CD (PARNT_LKUP_TABL_ID, PARNT_LKUP_CD, LKUP_TABL_ID, LKUP_CD, CRT_USER_ID, CRT_TMSTMP) values (4, 'MA', 5, 'NH', 'mnicholson@ntelx.com', '2016-04-25 18:24:40');
insert into PARNT_LKUP_CD (PARNT_LKUP_TABL_ID, PARNT_LKUP_CD, LKUP_TABL_ID, LKUP_CD, CRT_USER_ID, CRT_TMSTMP) values (4, 'MA', 5, 'NY', 'mnicholson@ntelx.com', '2016-04-25 18:24:40');
insert into PARNT_LKUP_CD (PARNT_LKUP_TABL_ID, PARNT_LKUP_CD, LKUP_TABL_ID, LKUP_CD, CRT_USER_ID, CRT_TMSTMP) values (4, 'MA', 5, 'RI', 'mnicholson@ntelx.com', '2016-04-25 18:24:40');
insert into PARNT_LKUP_CD (PARNT_LKUP_TABL_ID, PARNT_LKUP_CD, LKUP_TABL_ID, LKUP_CD, CRT_USER_ID, CRT_TMSTMP) values (4, 'MA', 5, 'VT', 'mnicholson@ntelx.com', '2016-04-25 18:24:40');
insert into PARNT_LKUP_CD (PARNT_LKUP_TABL_ID, PARNT_LKUP_CD, LKUP_TABL_ID, LKUP_CD, CRT_USER_ID, CRT_TMSTMP) values (4, 'MD', 5, 'MD', 'mnicholson@ntelx.com', '2016-04-25 18:24:40');
insert into PARNT_LKUP_CD (PARNT_LKUP_TABL_ID, PARNT_LKUP_CD, LKUP_TABL_ID, LKUP_CD, CRT_USER_ID, CRT_TMSTMP) values (4, 'MD', 5, 'PA', 'mnicholson@ntelx.com', '2016-04-25 18:24:40');
insert into PARNT_LKUP_CD (PARNT_LKUP_TABL_ID, PARNT_LKUP_CD, LKUP_TABL_ID, LKUP_CD, CRT_USER_ID, CRT_TMSTMP) values (4, 'MD', 5, 'VA', 'mnicholson@ntelx.com', '2016-04-25 18:24:40');
insert into PARNT_LKUP_CD (PARNT_LKUP_TABL_ID, PARNT_LKUP_CD, LKUP_TABL_ID, LKUP_CD, CRT_USER_ID, CRT_TMSTMP) values (4, 'MD', 5, 'WV', 'mnicholson@ntelx.com', '2016-04-25 18:24:40');
insert into PARNT_LKUP_CD (PARNT_LKUP_TABL_ID, PARNT_LKUP_CD, LKUP_TABL_ID, LKUP_CD, CRT_USER_ID, CRT_TMSTMP) values (4, 'ME', 5, 'ME', 'mnicholson@ntelx.com', '2016-04-25 18:24:40');
insert into PARNT_LKUP_CD (PARNT_LKUP_TABL_ID, PARNT_LKUP_CD, LKUP_TABL_ID, LKUP_CD, CRT_USER_ID, CRT_TMSTMP) values (4, 'ME', 5, 'NH', 'mnicholson@ntelx.com', '2016-04-25 18:24:40');
insert into PARNT_LKUP_CD (PARNT_LKUP_TABL_ID, PARNT_LKUP_CD, LKUP_TABL_ID, LKUP_CD, CRT_USER_ID, CRT_TMSTMP) values (4, 'MI', 5, 'IN', 'mnicholson@ntelx.com', '2016-04-25 18:24:40');
insert into PARNT_LKUP_CD (PARNT_LKUP_TABL_ID, PARNT_LKUP_CD, LKUP_TABL_ID, LKUP_CD, CRT_USER_ID, CRT_TMSTMP) values (4, 'MI', 5, 'MI', 'mnicholson@ntelx.com', '2016-04-25 18:24:40');
insert into PARNT_LKUP_CD (PARNT_LKUP_TABL_ID, PARNT_LKUP_CD, LKUP_TABL_ID, LKUP_CD, CRT_USER_ID, CRT_TMSTMP) values (4, 'MI', 5, 'OH', 'mnicholson@ntelx.com', '2016-04-25 18:24:40');
insert into PARNT_LKUP_CD (PARNT_LKUP_TABL_ID, PARNT_LKUP_CD, LKUP_TABL_ID, LKUP_CD, CRT_USER_ID, CRT_TMSTMP) values (4, 'MI', 5, 'WI', 'mnicholson@ntelx.com', '2016-04-25 18:24:40');
insert into PARNT_LKUP_CD (PARNT_LKUP_TABL_ID, PARNT_LKUP_CD, LKUP_TABL_ID, LKUP_CD, CRT_USER_ID, CRT_TMSTMP) values (4, 'MN', 5, 'IA', 'mnicholson@ntelx.com', '2016-04-25 18:24:40');
insert into PARNT_LKUP_CD (PARNT_LKUP_TABL_ID, PARNT_LKUP_CD, LKUP_TABL_ID, LKUP_CD, CRT_USER_ID, CRT_TMSTMP) values (4, 'MN', 5, 'MN', 'mnicholson@ntelx.com', '2016-04-25 18:24:40');
insert into PARNT_LKUP_CD (PARNT_LKUP_TABL_ID, PARNT_LKUP_CD, LKUP_TABL_ID, LKUP_CD, CRT_USER_ID, CRT_TMSTMP) values (4, 'MN', 5, 'ND', 'mnicholson@ntelx.com', '2016-04-25 18:24:40');
insert into PARNT_LKUP_CD (PARNT_LKUP_TABL_ID, PARNT_LKUP_CD, LKUP_TABL_ID, LKUP_CD, CRT_USER_ID, CRT_TMSTMP) values (4, 'MN', 5, 'SD', 'mnicholson@ntelx.com', '2016-04-25 18:24:40');
insert into PARNT_LKUP_CD (PARNT_LKUP_TABL_ID, PARNT_LKUP_CD, LKUP_TABL_ID, LKUP_CD, CRT_USER_ID, CRT_TMSTMP) values (4, 'MN', 5, 'WI', 'mnicholson@ntelx.com', '2016-04-25 18:24:40');
insert into PARNT_LKUP_CD (PARNT_LKUP_TABL_ID, PARNT_LKUP_CD, LKUP_TABL_ID, LKUP_CD, CRT_USER_ID, CRT_TMSTMP) values (4, 'MO', 5, 'AR', 'mnicholson@ntelx.com', '2016-04-25 18:24:40');
insert into PARNT_LKUP_CD (PARNT_LKUP_TABL_ID, PARNT_LKUP_CD, LKUP_TABL_ID, LKUP_CD, CRT_USER_ID, CRT_TMSTMP) values (4, 'MO', 5, 'IA', 'mnicholson@ntelx.com', '2016-04-25 18:24:40');
insert into PARNT_LKUP_CD (PARNT_LKUP_TABL_ID, PARNT_LKUP_CD, LKUP_TABL_ID, LKUP_CD, CRT_USER_ID, CRT_TMSTMP) values (4, 'MO', 5, 'IL', 'mnicholson@ntelx.com', '2016-04-25 18:24:40');
insert into PARNT_LKUP_CD (PARNT_LKUP_TABL_ID, PARNT_LKUP_CD, LKUP_TABL_ID, LKUP_CD, CRT_USER_ID, CRT_TMSTMP) values (4, 'MO', 5, 'KS', 'mnicholson@ntelx.com', '2016-04-25 18:24:40');
insert into PARNT_LKUP_CD (PARNT_LKUP_TABL_ID, PARNT_LKUP_CD, LKUP_TABL_ID, LKUP_CD, CRT_USER_ID, CRT_TMSTMP) values (4, 'MO', 5, 'KY', 'mnicholson@ntelx.com', '2016-04-25 18:24:40');
insert into PARNT_LKUP_CD (PARNT_LKUP_TABL_ID, PARNT_LKUP_CD, LKUP_TABL_ID, LKUP_CD, CRT_USER_ID, CRT_TMSTMP) values (4, 'MO', 5, 'MO', 'mnicholson@ntelx.com', '2016-04-25 18:24:40');
insert into PARNT_LKUP_CD (PARNT_LKUP_TABL_ID, PARNT_LKUP_CD, LKUP_TABL_ID, LKUP_CD, CRT_USER_ID, CRT_TMSTMP) values (4, 'MO', 5, 'NE', 'mnicholson@ntelx.com', '2016-04-25 18:24:40');
insert into PARNT_LKUP_CD (PARNT_LKUP_TABL_ID, PARNT_LKUP_CD, LKUP_TABL_ID, LKUP_CD, CRT_USER_ID, CRT_TMSTMP) values (4, 'MO', 5, 'OK', 'mnicholson@ntelx.com', '2016-04-25 18:24:40');
insert into PARNT_LKUP_CD (PARNT_LKUP_TABL_ID, PARNT_LKUP_CD, LKUP_TABL_ID, LKUP_CD, CRT_USER_ID, CRT_TMSTMP) values (4, 'MO', 5, 'TN', 'mnicholson@ntelx.com', '2016-04-25 18:24:40');
insert into PARNT_LKUP_CD (PARNT_LKUP_TABL_ID, PARNT_LKUP_CD, LKUP_TABL_ID, LKUP_CD, CRT_USER_ID, CRT_TMSTMP) values (4, 'MS', 5, 'AL', 'mnicholson@ntelx.com', '2016-04-25 18:24:40');
insert into PARNT_LKUP_CD (PARNT_LKUP_TABL_ID, PARNT_LKUP_CD, LKUP_TABL_ID, LKUP_CD, CRT_USER_ID, CRT_TMSTMP) values (4, 'MS', 5, 'AR', 'mnicholson@ntelx.com', '2016-04-25 18:24:40');
insert into PARNT_LKUP_CD (PARNT_LKUP_TABL_ID, PARNT_LKUP_CD, LKUP_TABL_ID, LKUP_CD, CRT_USER_ID, CRT_TMSTMP) values (4, 'MS', 5, 'LA', 'mnicholson@ntelx.com', '2016-04-25 18:24:40');
insert into PARNT_LKUP_CD (PARNT_LKUP_TABL_ID, PARNT_LKUP_CD, LKUP_TABL_ID, LKUP_CD, CRT_USER_ID, CRT_TMSTMP) values (4, 'MS', 5, 'MS', 'mnicholson@ntelx.com', '2016-04-25 18:24:40');
insert into PARNT_LKUP_CD (PARNT_LKUP_TABL_ID, PARNT_LKUP_CD, LKUP_TABL_ID, LKUP_CD, CRT_USER_ID, CRT_TMSTMP) values (4, 'MS', 5, 'TN', 'mnicholson@ntelx.com', '2016-04-25 18:24:40');
insert into PARNT_LKUP_CD (PARNT_LKUP_TABL_ID, PARNT_LKUP_CD, LKUP_TABL_ID, LKUP_CD, CRT_USER_ID, CRT_TMSTMP) values (4, 'MT', 5, 'ID', 'mnicholson@ntelx.com', '2016-04-25 18:24:40');
insert into PARNT_LKUP_CD (PARNT_LKUP_TABL_ID, PARNT_LKUP_CD, LKUP_TABL_ID, LKUP_CD, CRT_USER_ID, CRT_TMSTMP) values (4, 'MT', 5, 'MT', 'mnicholson@ntelx.com', '2016-04-25 18:24:40');
insert into PARNT_LKUP_CD (PARNT_LKUP_TABL_ID, PARNT_LKUP_CD, LKUP_TABL_ID, LKUP_CD, CRT_USER_ID, CRT_TMSTMP) values (4, 'MT', 5, 'ND', 'mnicholson@ntelx.com', '2016-04-25 18:24:40');
insert into PARNT_LKUP_CD (PARNT_LKUP_TABL_ID, PARNT_LKUP_CD, LKUP_TABL_ID, LKUP_CD, CRT_USER_ID, CRT_TMSTMP) values (4, 'MT', 5, 'SD', 'mnicholson@ntelx.com', '2016-04-25 18:24:40');
insert into PARNT_LKUP_CD (PARNT_LKUP_TABL_ID, PARNT_LKUP_CD, LKUP_TABL_ID, LKUP_CD, CRT_USER_ID, CRT_TMSTMP) values (4, 'MT', 5, 'WY', 'mnicholson@ntelx.com', '2016-04-25 18:24:40');
insert into PARNT_LKUP_CD (PARNT_LKUP_TABL_ID, PARNT_LKUP_CD, LKUP_TABL_ID, LKUP_CD, CRT_USER_ID, CRT_TMSTMP) values (4, 'NC', 5, 'NC', 'mnicholson@ntelx.com', '2016-04-25 18:24:40');
insert into PARNT_LKUP_CD (PARNT_LKUP_TABL_ID, PARNT_LKUP_CD, LKUP_TABL_ID, LKUP_CD, CRT_USER_ID, CRT_TMSTMP) values (4, 'NC', 5, 'SC', 'mnicholson@ntelx.com', '2016-04-25 18:24:40');
insert into PARNT_LKUP_CD (PARNT_LKUP_TABL_ID, PARNT_LKUP_CD, LKUP_TABL_ID, LKUP_CD, CRT_USER_ID, CRT_TMSTMP) values (4, 'NC', 5, 'TN', 'mnicholson@ntelx.com', '2016-04-25 18:24:40');
insert into PARNT_LKUP_CD (PARNT_LKUP_TABL_ID, PARNT_LKUP_CD, LKUP_TABL_ID, LKUP_CD, CRT_USER_ID, CRT_TMSTMP) values (4, 'NC', 5, 'VA', 'mnicholson@ntelx.com', '2016-04-25 18:24:40');
insert into PARNT_LKUP_CD (PARNT_LKUP_TABL_ID, PARNT_LKUP_CD, LKUP_TABL_ID, LKUP_CD, CRT_USER_ID, CRT_TMSTMP) values (4, 'ND', 5, 'MN', 'mnicholson@ntelx.com', '2016-04-25 18:24:40');
insert into PARNT_LKUP_CD (PARNT_LKUP_TABL_ID, PARNT_LKUP_CD, LKUP_TABL_ID, LKUP_CD, CRT_USER_ID, CRT_TMSTMP) values (4, 'ND', 5, 'MT', 'mnicholson@ntelx.com', '2016-04-25 18:24:40');
insert into PARNT_LKUP_CD (PARNT_LKUP_TABL_ID, PARNT_LKUP_CD, LKUP_TABL_ID, LKUP_CD, CRT_USER_ID, CRT_TMSTMP) values (4, 'ND', 5, 'ND', 'mnicholson@ntelx.com', '2016-04-25 18:24:40');
insert into PARNT_LKUP_CD (PARNT_LKUP_TABL_ID, PARNT_LKUP_CD, LKUP_TABL_ID, LKUP_CD, CRT_USER_ID, CRT_TMSTMP) values (4, 'ND', 5, 'SD', 'mnicholson@ntelx.com', '2016-04-25 18:24:40');
insert into PARNT_LKUP_CD (PARNT_LKUP_TABL_ID, PARNT_LKUP_CD, LKUP_TABL_ID, LKUP_CD, CRT_USER_ID, CRT_TMSTMP) values (4, 'NE', 5, 'CO', 'mnicholson@ntelx.com', '2016-04-25 18:24:40');
insert into PARNT_LKUP_CD (PARNT_LKUP_TABL_ID, PARNT_LKUP_CD, LKUP_TABL_ID, LKUP_CD, CRT_USER_ID, CRT_TMSTMP) values (4, 'NE', 5, 'IA', 'mnicholson@ntelx.com', '2016-04-25 18:24:40');
insert into PARNT_LKUP_CD (PARNT_LKUP_TABL_ID, PARNT_LKUP_CD, LKUP_TABL_ID, LKUP_CD, CRT_USER_ID, CRT_TMSTMP) values (4, 'NE', 5, 'KS', 'mnicholson@ntelx.com', '2016-04-25 18:24:40');
insert into PARNT_LKUP_CD (PARNT_LKUP_TABL_ID, PARNT_LKUP_CD, LKUP_TABL_ID, LKUP_CD, CRT_USER_ID, CRT_TMSTMP) values (4, 'NE', 5, 'MO', 'mnicholson@ntelx.com', '2016-04-25 18:24:40');
insert into PARNT_LKUP_CD (PARNT_LKUP_TABL_ID, PARNT_LKUP_CD, LKUP_TABL_ID, LKUP_CD, CRT_USER_ID, CRT_TMSTMP) values (4, 'NE', 5, 'NE', 'mnicholson@ntelx.com', '2016-04-25 18:24:40');
insert into PARNT_LKUP_CD (PARNT_LKUP_TABL_ID, PARNT_LKUP_CD, LKUP_TABL_ID, LKUP_CD, CRT_USER_ID, CRT_TMSTMP) values (4, 'NE', 5, 'SD', 'mnicholson@ntelx.com', '2016-04-25 18:24:40');
insert into PARNT_LKUP_CD (PARNT_LKUP_TABL_ID, PARNT_LKUP_CD, LKUP_TABL_ID, LKUP_CD, CRT_USER_ID, CRT_TMSTMP) values (4, 'NE', 5, 'WY', 'mnicholson@ntelx.com', '2016-04-25 18:24:40');
insert into PARNT_LKUP_CD (PARNT_LKUP_TABL_ID, PARNT_LKUP_CD, LKUP_TABL_ID, LKUP_CD, CRT_USER_ID, CRT_TMSTMP) values (4, 'NH', 5, 'MA', 'mnicholson@ntelx.com', '2016-04-25 18:24:40');
insert into PARNT_LKUP_CD (PARNT_LKUP_TABL_ID, PARNT_LKUP_CD, LKUP_TABL_ID, LKUP_CD, CRT_USER_ID, CRT_TMSTMP) values (4, 'NH', 5, 'ME', 'mnicholson@ntelx.com', '2016-04-25 18:24:40');
insert into PARNT_LKUP_CD (PARNT_LKUP_TABL_ID, PARNT_LKUP_CD, LKUP_TABL_ID, LKUP_CD, CRT_USER_ID, CRT_TMSTMP) values (4, 'NH', 5, 'NH', 'mnicholson@ntelx.com', '2016-04-25 18:24:40');
insert into PARNT_LKUP_CD (PARNT_LKUP_TABL_ID, PARNT_LKUP_CD, LKUP_TABL_ID, LKUP_CD, CRT_USER_ID, CRT_TMSTMP) values (4, 'NH', 5, 'VT', 'mnicholson@ntelx.com', '2016-04-25 18:24:40');
insert into PARNT_LKUP_CD (PARNT_LKUP_TABL_ID, PARNT_LKUP_CD, LKUP_TABL_ID, LKUP_CD, CRT_USER_ID, CRT_TMSTMP) values (4, 'NJ', 5, 'DE', 'mnicholson@ntelx.com', '2016-04-25 18:24:40');
insert into PARNT_LKUP_CD (PARNT_LKUP_TABL_ID, PARNT_LKUP_CD, LKUP_TABL_ID, LKUP_CD, CRT_USER_ID, CRT_TMSTMP) values (4, 'NJ', 5, 'NJ', 'mnicholson@ntelx.com', '2016-04-25 18:24:40');
insert into PARNT_LKUP_CD (PARNT_LKUP_TABL_ID, PARNT_LKUP_CD, LKUP_TABL_ID, LKUP_CD, CRT_USER_ID, CRT_TMSTMP) values (4, 'NJ', 5, 'NY', 'mnicholson@ntelx.com', '2016-04-25 18:24:40');
insert into PARNT_LKUP_CD (PARNT_LKUP_TABL_ID, PARNT_LKUP_CD, LKUP_TABL_ID, LKUP_CD, CRT_USER_ID, CRT_TMSTMP) values (4, 'NJ', 5, 'PA', 'mnicholson@ntelx.com', '2016-04-25 18:24:40');
insert into PARNT_LKUP_CD (PARNT_LKUP_TABL_ID, PARNT_LKUP_CD, LKUP_TABL_ID, LKUP_CD, CRT_USER_ID, CRT_TMSTMP) values (4, 'NM', 5, 'AZ', 'mnicholson@ntelx.com', '2016-04-25 18:24:40');
insert into PARNT_LKUP_CD (PARNT_LKUP_TABL_ID, PARNT_LKUP_CD, LKUP_TABL_ID, LKUP_CD, CRT_USER_ID, CRT_TMSTMP) values (4, 'NM', 5, 'CO', 'mnicholson@ntelx.com', '2016-04-25 18:24:40');
insert into PARNT_LKUP_CD (PARNT_LKUP_TABL_ID, PARNT_LKUP_CD, LKUP_TABL_ID, LKUP_CD, CRT_USER_ID, CRT_TMSTMP) values (4, 'NM', 5, 'NM', 'mnicholson@ntelx.com', '2016-04-25 18:24:40');
insert into PARNT_LKUP_CD (PARNT_LKUP_TABL_ID, PARNT_LKUP_CD, LKUP_TABL_ID, LKUP_CD, CRT_USER_ID, CRT_TMSTMP) values (4, 'NM', 5, 'OK', 'mnicholson@ntelx.com', '2016-04-25 18:24:40');
insert into PARNT_LKUP_CD (PARNT_LKUP_TABL_ID, PARNT_LKUP_CD, LKUP_TABL_ID, LKUP_CD, CRT_USER_ID, CRT_TMSTMP) values (4, 'NM', 5, 'TX', 'mnicholson@ntelx.com', '2016-04-25 18:24:40');
insert into PARNT_LKUP_CD (PARNT_LKUP_TABL_ID, PARNT_LKUP_CD, LKUP_TABL_ID, LKUP_CD, CRT_USER_ID, CRT_TMSTMP) values (4, 'NM', 5, 'UT', 'mnicholson@ntelx.com', '2016-04-25 18:24:40');
insert into PARNT_LKUP_CD (PARNT_LKUP_TABL_ID, PARNT_LKUP_CD, LKUP_TABL_ID, LKUP_CD, CRT_USER_ID, CRT_TMSTMP) values (4, 'NV', 5, 'AZ', 'mnicholson@ntelx.com', '2016-04-25 18:24:40');
insert into PARNT_LKUP_CD (PARNT_LKUP_TABL_ID, PARNT_LKUP_CD, LKUP_TABL_ID, LKUP_CD, CRT_USER_ID, CRT_TMSTMP) values (4, 'NV', 5, 'CA', 'mnicholson@ntelx.com', '2016-04-25 18:24:40');
insert into PARNT_LKUP_CD (PARNT_LKUP_TABL_ID, PARNT_LKUP_CD, LKUP_TABL_ID, LKUP_CD, CRT_USER_ID, CRT_TMSTMP) values (4, 'NV', 5, 'ID', 'mnicholson@ntelx.com', '2016-04-25 18:24:40');
insert into PARNT_LKUP_CD (PARNT_LKUP_TABL_ID, PARNT_LKUP_CD, LKUP_TABL_ID, LKUP_CD, CRT_USER_ID, CRT_TMSTMP) values (4, 'NV', 5, 'NV', 'mnicholson@ntelx.com', '2016-04-25 18:24:40');
insert into PARNT_LKUP_CD (PARNT_LKUP_TABL_ID, PARNT_LKUP_CD, LKUP_TABL_ID, LKUP_CD, CRT_USER_ID, CRT_TMSTMP) values (4, 'NV', 5, 'OR', 'mnicholson@ntelx.com', '2016-04-25 18:24:40');
insert into PARNT_LKUP_CD (PARNT_LKUP_TABL_ID, PARNT_LKUP_CD, LKUP_TABL_ID, LKUP_CD, CRT_USER_ID, CRT_TMSTMP) values (4, 'NV', 5, 'UT', 'mnicholson@ntelx.com', '2016-04-25 18:24:40');
insert into PARNT_LKUP_CD (PARNT_LKUP_TABL_ID, PARNT_LKUP_CD, LKUP_TABL_ID, LKUP_CD, CRT_USER_ID, CRT_TMSTMP) values (4, 'NY', 5, 'CT', 'mnicholson@ntelx.com', '2016-04-25 18:24:40');
insert into PARNT_LKUP_CD (PARNT_LKUP_TABL_ID, PARNT_LKUP_CD, LKUP_TABL_ID, LKUP_CD, CRT_USER_ID, CRT_TMSTMP) values (4, 'NY', 5, 'MA', 'mnicholson@ntelx.com', '2016-04-25 18:24:40');
insert into PARNT_LKUP_CD (PARNT_LKUP_TABL_ID, PARNT_LKUP_CD, LKUP_TABL_ID, LKUP_CD, CRT_USER_ID, CRT_TMSTMP) values (4, 'NY', 5, 'NJ', 'mnicholson@ntelx.com', '2016-04-25 18:24:40');
insert into PARNT_LKUP_CD (PARNT_LKUP_TABL_ID, PARNT_LKUP_CD, LKUP_TABL_ID, LKUP_CD, CRT_USER_ID, CRT_TMSTMP) values (4, 'NY', 5, 'NY', 'mnicholson@ntelx.com', '2016-04-25 18:24:40');
insert into PARNT_LKUP_CD (PARNT_LKUP_TABL_ID, PARNT_LKUP_CD, LKUP_TABL_ID, LKUP_CD, CRT_USER_ID, CRT_TMSTMP) values (4, 'NY', 5, 'PA', 'mnicholson@ntelx.com', '2016-04-25 18:24:40');
insert into PARNT_LKUP_CD (PARNT_LKUP_TABL_ID, PARNT_LKUP_CD, LKUP_TABL_ID, LKUP_CD, CRT_USER_ID, CRT_TMSTMP) values (4, 'NY', 5, 'VT', 'mnicholson@ntelx.com', '2016-04-25 18:24:40');
insert into PARNT_LKUP_CD (PARNT_LKUP_TABL_ID, PARNT_LKUP_CD, LKUP_TABL_ID, LKUP_CD, CRT_USER_ID, CRT_TMSTMP) values (4, 'OH', 5, 'IN', 'mnicholson@ntelx.com', '2016-04-25 18:24:40');
insert into PARNT_LKUP_CD (PARNT_LKUP_TABL_ID, PARNT_LKUP_CD, LKUP_TABL_ID, LKUP_CD, CRT_USER_ID, CRT_TMSTMP) values (4, 'OH', 5, 'KY', 'mnicholson@ntelx.com', '2016-04-25 18:24:40');
insert into PARNT_LKUP_CD (PARNT_LKUP_TABL_ID, PARNT_LKUP_CD, LKUP_TABL_ID, LKUP_CD, CRT_USER_ID, CRT_TMSTMP) values (4, 'OH', 5, 'MI', 'mnicholson@ntelx.com', '2016-04-25 18:24:40');
insert into PARNT_LKUP_CD (PARNT_LKUP_TABL_ID, PARNT_LKUP_CD, LKUP_TABL_ID, LKUP_CD, CRT_USER_ID, CRT_TMSTMP) values (4, 'OH', 5, 'OH', 'mnicholson@ntelx.com', '2016-04-25 18:24:40');
insert into PARNT_LKUP_CD (PARNT_LKUP_TABL_ID, PARNT_LKUP_CD, LKUP_TABL_ID, LKUP_CD, CRT_USER_ID, CRT_TMSTMP) values (4, 'OH', 5, 'PA', 'mnicholson@ntelx.com', '2016-04-25 18:24:40');
insert into PARNT_LKUP_CD (PARNT_LKUP_TABL_ID, PARNT_LKUP_CD, LKUP_TABL_ID, LKUP_CD, CRT_USER_ID, CRT_TMSTMP) values (4, 'OH', 5, 'WV', 'mnicholson@ntelx.com', '2016-04-25 18:24:40');
insert into PARNT_LKUP_CD (PARNT_LKUP_TABL_ID, PARNT_LKUP_CD, LKUP_TABL_ID, LKUP_CD, CRT_USER_ID, CRT_TMSTMP) values (4, 'OK', 5, 'AR', 'mnicholson@ntelx.com', '2016-04-25 18:24:40');
insert into PARNT_LKUP_CD (PARNT_LKUP_TABL_ID, PARNT_LKUP_CD, LKUP_TABL_ID, LKUP_CD, CRT_USER_ID, CRT_TMSTMP) values (4, 'OK', 5, 'CO', 'mnicholson@ntelx.com', '2016-04-25 18:24:40');
insert into PARNT_LKUP_CD (PARNT_LKUP_TABL_ID, PARNT_LKUP_CD, LKUP_TABL_ID, LKUP_CD, CRT_USER_ID, CRT_TMSTMP) values (4, 'OK', 5, 'KS', 'mnicholson@ntelx.com', '2016-04-25 18:24:40');
insert into PARNT_LKUP_CD (PARNT_LKUP_TABL_ID, PARNT_LKUP_CD, LKUP_TABL_ID, LKUP_CD, CRT_USER_ID, CRT_TMSTMP) values (4, 'OK', 5, 'MO', 'mnicholson@ntelx.com', '2016-04-25 18:24:40');
insert into PARNT_LKUP_CD (PARNT_LKUP_TABL_ID, PARNT_LKUP_CD, LKUP_TABL_ID, LKUP_CD, CRT_USER_ID, CRT_TMSTMP) values (4, 'OK', 5, 'NM', 'mnicholson@ntelx.com', '2016-04-25 18:24:40');
insert into PARNT_LKUP_CD (PARNT_LKUP_TABL_ID, PARNT_LKUP_CD, LKUP_TABL_ID, LKUP_CD, CRT_USER_ID, CRT_TMSTMP) values (4, 'OK', 5, 'OK', 'mnicholson@ntelx.com', '2016-04-25 18:24:40');
insert into PARNT_LKUP_CD (PARNT_LKUP_TABL_ID, PARNT_LKUP_CD, LKUP_TABL_ID, LKUP_CD, CRT_USER_ID, CRT_TMSTMP) values (4, 'OK', 5, 'TX', 'mnicholson@ntelx.com', '2016-04-25 18:24:40');
insert into PARNT_LKUP_CD (PARNT_LKUP_TABL_ID, PARNT_LKUP_CD, LKUP_TABL_ID, LKUP_CD, CRT_USER_ID, CRT_TMSTMP) values (4, 'OR', 5, 'CA', 'mnicholson@ntelx.com', '2016-04-25 18:24:40');
insert into PARNT_LKUP_CD (PARNT_LKUP_TABL_ID, PARNT_LKUP_CD, LKUP_TABL_ID, LKUP_CD, CRT_USER_ID, CRT_TMSTMP) values (4, 'OR', 5, 'ID', 'mnicholson@ntelx.com', '2016-04-25 18:24:40');
insert into PARNT_LKUP_CD (PARNT_LKUP_TABL_ID, PARNT_LKUP_CD, LKUP_TABL_ID, LKUP_CD, CRT_USER_ID, CRT_TMSTMP) values (4, 'OR', 5, 'NV', 'mnicholson@ntelx.com', '2016-04-25 18:24:40');
insert into PARNT_LKUP_CD (PARNT_LKUP_TABL_ID, PARNT_LKUP_CD, LKUP_TABL_ID, LKUP_CD, CRT_USER_ID, CRT_TMSTMP) values (4, 'OR', 5, 'OR', 'mnicholson@ntelx.com', '2016-04-25 18:24:40');
insert into PARNT_LKUP_CD (PARNT_LKUP_TABL_ID, PARNT_LKUP_CD, LKUP_TABL_ID, LKUP_CD, CRT_USER_ID, CRT_TMSTMP) values (4, 'OR', 5, 'WA', 'mnicholson@ntelx.com', '2016-04-25 18:24:40');
insert into PARNT_LKUP_CD (PARNT_LKUP_TABL_ID, PARNT_LKUP_CD, LKUP_TABL_ID, LKUP_CD, CRT_USER_ID, CRT_TMSTMP) values (4, 'PA', 5, 'MD', 'mnicholson@ntelx.com', '2016-04-25 18:24:40');
insert into PARNT_LKUP_CD (PARNT_LKUP_TABL_ID, PARNT_LKUP_CD, LKUP_TABL_ID, LKUP_CD, CRT_USER_ID, CRT_TMSTMP) values (4, 'PA', 5, 'NJ', 'mnicholson@ntelx.com', '2016-04-25 18:24:40');
insert into PARNT_LKUP_CD (PARNT_LKUP_TABL_ID, PARNT_LKUP_CD, LKUP_TABL_ID, LKUP_CD, CRT_USER_ID, CRT_TMSTMP) values (4, 'PA', 5, 'NY', 'mnicholson@ntelx.com', '2016-04-25 18:24:40');
insert into PARNT_LKUP_CD (PARNT_LKUP_TABL_ID, PARNT_LKUP_CD, LKUP_TABL_ID, LKUP_CD, CRT_USER_ID, CRT_TMSTMP) values (4, 'PA', 5, 'OH', 'mnicholson@ntelx.com', '2016-04-25 18:24:40');
insert into PARNT_LKUP_CD (PARNT_LKUP_TABL_ID, PARNT_LKUP_CD, LKUP_TABL_ID, LKUP_CD, CRT_USER_ID, CRT_TMSTMP) values (4, 'PA', 5, 'PA', 'mnicholson@ntelx.com', '2016-04-25 18:24:40');
insert into PARNT_LKUP_CD (PARNT_LKUP_TABL_ID, PARNT_LKUP_CD, LKUP_TABL_ID, LKUP_CD, CRT_USER_ID, CRT_TMSTMP) values (4, 'PA', 5, 'WV', 'mnicholson@ntelx.com', '2016-04-25 18:24:40');
insert into PARNT_LKUP_CD (PARNT_LKUP_TABL_ID, PARNT_LKUP_CD, LKUP_TABL_ID, LKUP_CD, CRT_USER_ID, CRT_TMSTMP) values (4, 'RI', 5, 'CT', 'mnicholson@ntelx.com', '2016-04-25 18:24:40');
insert into PARNT_LKUP_CD (PARNT_LKUP_TABL_ID, PARNT_LKUP_CD, LKUP_TABL_ID, LKUP_CD, CRT_USER_ID, CRT_TMSTMP) values (4, 'RI', 5, 'MA', 'mnicholson@ntelx.com', '2016-04-25 18:24:40');
insert into PARNT_LKUP_CD (PARNT_LKUP_TABL_ID, PARNT_LKUP_CD, LKUP_TABL_ID, LKUP_CD, CRT_USER_ID, CRT_TMSTMP) values (4, 'RI', 5, 'RI', 'mnicholson@ntelx.com', '2016-04-25 18:24:40');
insert into PARNT_LKUP_CD (PARNT_LKUP_TABL_ID, PARNT_LKUP_CD, LKUP_TABL_ID, LKUP_CD, CRT_USER_ID, CRT_TMSTMP) values (4, 'SC', 5, 'GA', 'mnicholson@ntelx.com', '2016-04-25 18:24:40');
insert into PARNT_LKUP_CD (PARNT_LKUP_TABL_ID, PARNT_LKUP_CD, LKUP_TABL_ID, LKUP_CD, CRT_USER_ID, CRT_TMSTMP) values (4, 'SC', 5, 'NC', 'mnicholson@ntelx.com', '2016-04-25 18:24:40');
insert into PARNT_LKUP_CD (PARNT_LKUP_TABL_ID, PARNT_LKUP_CD, LKUP_TABL_ID, LKUP_CD, CRT_USER_ID, CRT_TMSTMP) values (4, 'SC', 5, 'SC', 'mnicholson@ntelx.com', '2016-04-25 18:24:40');
insert into PARNT_LKUP_CD (PARNT_LKUP_TABL_ID, PARNT_LKUP_CD, LKUP_TABL_ID, LKUP_CD, CRT_USER_ID, CRT_TMSTMP) values (4, 'SD', 5, 'IA', 'mnicholson@ntelx.com', '2016-04-25 18:24:40');
insert into PARNT_LKUP_CD (PARNT_LKUP_TABL_ID, PARNT_LKUP_CD, LKUP_TABL_ID, LKUP_CD, CRT_USER_ID, CRT_TMSTMP) values (4, 'SD', 5, 'MN', 'mnicholson@ntelx.com', '2016-04-25 18:24:40');
insert into PARNT_LKUP_CD (PARNT_LKUP_TABL_ID, PARNT_LKUP_CD, LKUP_TABL_ID, LKUP_CD, CRT_USER_ID, CRT_TMSTMP) values (4, 'SD', 5, 'MT', 'mnicholson@ntelx.com', '2016-04-25 18:24:40');
insert into PARNT_LKUP_CD (PARNT_LKUP_TABL_ID, PARNT_LKUP_CD, LKUP_TABL_ID, LKUP_CD, CRT_USER_ID, CRT_TMSTMP) values (4, 'SD', 5, 'ND', 'mnicholson@ntelx.com', '2016-04-25 18:24:40');
insert into PARNT_LKUP_CD (PARNT_LKUP_TABL_ID, PARNT_LKUP_CD, LKUP_TABL_ID, LKUP_CD, CRT_USER_ID, CRT_TMSTMP) values (4, 'SD', 5, 'NE', 'mnicholson@ntelx.com', '2016-04-25 18:24:40');
insert into PARNT_LKUP_CD (PARNT_LKUP_TABL_ID, PARNT_LKUP_CD, LKUP_TABL_ID, LKUP_CD, CRT_USER_ID, CRT_TMSTMP) values (4, 'SD', 5, 'SD', 'mnicholson@ntelx.com', '2016-04-25 18:24:40');
insert into PARNT_LKUP_CD (PARNT_LKUP_TABL_ID, PARNT_LKUP_CD, LKUP_TABL_ID, LKUP_CD, CRT_USER_ID, CRT_TMSTMP) values (4, 'SD', 5, 'WY', 'mnicholson@ntelx.com', '2016-04-25 18:24:40');
insert into PARNT_LKUP_CD (PARNT_LKUP_TABL_ID, PARNT_LKUP_CD, LKUP_TABL_ID, LKUP_CD, CRT_USER_ID, CRT_TMSTMP) values (4, 'TN', 5, 'AL', 'mnicholson@ntelx.com', '2016-04-25 18:24:40');
insert into PARNT_LKUP_CD (PARNT_LKUP_TABL_ID, PARNT_LKUP_CD, LKUP_TABL_ID, LKUP_CD, CRT_USER_ID, CRT_TMSTMP) values (4, 'TN', 5, 'AR', 'mnicholson@ntelx.com', '2016-04-25 18:24:40');
insert into PARNT_LKUP_CD (PARNT_LKUP_TABL_ID, PARNT_LKUP_CD, LKUP_TABL_ID, LKUP_CD, CRT_USER_ID, CRT_TMSTMP) values (4, 'TN', 5, 'GA', 'mnicholson@ntelx.com', '2016-04-25 18:24:40');
insert into PARNT_LKUP_CD (PARNT_LKUP_TABL_ID, PARNT_LKUP_CD, LKUP_TABL_ID, LKUP_CD, CRT_USER_ID, CRT_TMSTMP) values (4, 'TN', 5, 'KY', 'mnicholson@ntelx.com', '2016-04-25 18:24:40');
insert into PARNT_LKUP_CD (PARNT_LKUP_TABL_ID, PARNT_LKUP_CD, LKUP_TABL_ID, LKUP_CD, CRT_USER_ID, CRT_TMSTMP) values (4, 'TN', 5, 'MO', 'mnicholson@ntelx.com', '2016-04-25 18:24:40');
insert into PARNT_LKUP_CD (PARNT_LKUP_TABL_ID, PARNT_LKUP_CD, LKUP_TABL_ID, LKUP_CD, CRT_USER_ID, CRT_TMSTMP) values (4, 'TN', 5, 'MS', 'mnicholson@ntelx.com', '2016-04-25 18:24:40');
insert into PARNT_LKUP_CD (PARNT_LKUP_TABL_ID, PARNT_LKUP_CD, LKUP_TABL_ID, LKUP_CD, CRT_USER_ID, CRT_TMSTMP) values (4, 'TN', 5, 'NC', 'mnicholson@ntelx.com', '2016-04-25 18:24:40');
insert into PARNT_LKUP_CD (PARNT_LKUP_TABL_ID, PARNT_LKUP_CD, LKUP_TABL_ID, LKUP_CD, CRT_USER_ID, CRT_TMSTMP) values (4, 'TN', 5, 'TN', 'mnicholson@ntelx.com', '2016-04-25 18:24:40');
insert into PARNT_LKUP_CD (PARNT_LKUP_TABL_ID, PARNT_LKUP_CD, LKUP_TABL_ID, LKUP_CD, CRT_USER_ID, CRT_TMSTMP) values (4, 'TN', 5, 'VA', 'mnicholson@ntelx.com', '2016-04-25 18:24:40');
insert into PARNT_LKUP_CD (PARNT_LKUP_TABL_ID, PARNT_LKUP_CD, LKUP_TABL_ID, LKUP_CD, CRT_USER_ID, CRT_TMSTMP) values (4, 'TX', 5, 'LA', 'mnicholson@ntelx.com', '2016-04-25 18:24:40');
insert into PARNT_LKUP_CD (PARNT_LKUP_TABL_ID, PARNT_LKUP_CD, LKUP_TABL_ID, LKUP_CD, CRT_USER_ID, CRT_TMSTMP) values (4, 'TX', 5, 'NM', 'mnicholson@ntelx.com', '2016-04-25 18:24:40');
insert into PARNT_LKUP_CD (PARNT_LKUP_TABL_ID, PARNT_LKUP_CD, LKUP_TABL_ID, LKUP_CD, CRT_USER_ID, CRT_TMSTMP) values (4, 'TX', 5, 'OK', 'mnicholson@ntelx.com', '2016-04-25 18:24:40');
insert into PARNT_LKUP_CD (PARNT_LKUP_TABL_ID, PARNT_LKUP_CD, LKUP_TABL_ID, LKUP_CD, CRT_USER_ID, CRT_TMSTMP) values (4, 'TX', 5, 'TX', 'mnicholson@ntelx.com', '2016-04-25 18:24:40');
insert into PARNT_LKUP_CD (PARNT_LKUP_TABL_ID, PARNT_LKUP_CD, LKUP_TABL_ID, LKUP_CD, CRT_USER_ID, CRT_TMSTMP) values (4, 'UT', 5, 'AZ', 'mnicholson@ntelx.com', '2016-04-25 18:24:40');
insert into PARNT_LKUP_CD (PARNT_LKUP_TABL_ID, PARNT_LKUP_CD, LKUP_TABL_ID, LKUP_CD, CRT_USER_ID, CRT_TMSTMP) values (4, 'UT', 5, 'CO', 'mnicholson@ntelx.com', '2016-04-25 18:24:40');
insert into PARNT_LKUP_CD (PARNT_LKUP_TABL_ID, PARNT_LKUP_CD, LKUP_TABL_ID, LKUP_CD, CRT_USER_ID, CRT_TMSTMP) values (4, 'UT', 5, 'ID', 'mnicholson@ntelx.com', '2016-04-25 18:24:40');
insert into PARNT_LKUP_CD (PARNT_LKUP_TABL_ID, PARNT_LKUP_CD, LKUP_TABL_ID, LKUP_CD, CRT_USER_ID, CRT_TMSTMP) values (4, 'UT', 5, 'NM', 'mnicholson@ntelx.com', '2016-04-25 18:24:40');
insert into PARNT_LKUP_CD (PARNT_LKUP_TABL_ID, PARNT_LKUP_CD, LKUP_TABL_ID, LKUP_CD, CRT_USER_ID, CRT_TMSTMP) values (4, 'UT', 5, 'NV', 'mnicholson@ntelx.com', '2016-04-25 18:24:40');
insert into PARNT_LKUP_CD (PARNT_LKUP_TABL_ID, PARNT_LKUP_CD, LKUP_TABL_ID, LKUP_CD, CRT_USER_ID, CRT_TMSTMP) values (4, 'UT', 5, 'UT', 'mnicholson@ntelx.com', '2016-04-25 18:24:40');
insert into PARNT_LKUP_CD (PARNT_LKUP_TABL_ID, PARNT_LKUP_CD, LKUP_TABL_ID, LKUP_CD, CRT_USER_ID, CRT_TMSTMP) values (4, 'UT', 5, 'WY', 'mnicholson@ntelx.com', '2016-04-25 18:24:40');
insert into PARNT_LKUP_CD (PARNT_LKUP_TABL_ID, PARNT_LKUP_CD, LKUP_TABL_ID, LKUP_CD, CRT_USER_ID, CRT_TMSTMP) values (4, 'VA', 5, 'KY', 'mnicholson@ntelx.com', '2016-04-25 18:24:40');
insert into PARNT_LKUP_CD (PARNT_LKUP_TABL_ID, PARNT_LKUP_CD, LKUP_TABL_ID, LKUP_CD, CRT_USER_ID, CRT_TMSTMP) values (4, 'VA', 5, 'MD', 'mnicholson@ntelx.com', '2016-04-25 18:24:40');
insert into PARNT_LKUP_CD (PARNT_LKUP_TABL_ID, PARNT_LKUP_CD, LKUP_TABL_ID, LKUP_CD, CRT_USER_ID, CRT_TMSTMP) values (4, 'VA', 5, 'NC', 'mnicholson@ntelx.com', '2016-04-25 18:24:40');
insert into PARNT_LKUP_CD (PARNT_LKUP_TABL_ID, PARNT_LKUP_CD, LKUP_TABL_ID, LKUP_CD, CRT_USER_ID, CRT_TMSTMP) values (4, 'VA', 5, 'VA', 'mnicholson@ntelx.com', '2016-04-25 18:24:40');
insert into PARNT_LKUP_CD (PARNT_LKUP_TABL_ID, PARNT_LKUP_CD, LKUP_TABL_ID, LKUP_CD, CRT_USER_ID, CRT_TMSTMP) values (4, 'VA', 5, 'WV', 'mnicholson@ntelx.com', '2016-04-25 18:24:40');
insert into PARNT_LKUP_CD (PARNT_LKUP_TABL_ID, PARNT_LKUP_CD, LKUP_TABL_ID, LKUP_CD, CRT_USER_ID, CRT_TMSTMP) values (4, 'VT', 5, 'ME', 'mnicholson@ntelx.com', '2016-04-25 18:24:40');
insert into PARNT_LKUP_CD (PARNT_LKUP_TABL_ID, PARNT_LKUP_CD, LKUP_TABL_ID, LKUP_CD, CRT_USER_ID, CRT_TMSTMP) values (4, 'VT', 5, 'NH', 'mnicholson@ntelx.com', '2016-04-25 18:24:40');
insert into PARNT_LKUP_CD (PARNT_LKUP_TABL_ID, PARNT_LKUP_CD, LKUP_TABL_ID, LKUP_CD, CRT_USER_ID, CRT_TMSTMP) values (4, 'VT', 5, 'NY', 'mnicholson@ntelx.com', '2016-04-25 18:24:40');
insert into PARNT_LKUP_CD (PARNT_LKUP_TABL_ID, PARNT_LKUP_CD, LKUP_TABL_ID, LKUP_CD, CRT_USER_ID, CRT_TMSTMP) values (4, 'VT', 5, 'VT', 'mnicholson@ntelx.com', '2016-04-25 18:24:40');
insert into PARNT_LKUP_CD (PARNT_LKUP_TABL_ID, PARNT_LKUP_CD, LKUP_TABL_ID, LKUP_CD, CRT_USER_ID, CRT_TMSTMP) values (4, 'WA', 5, 'AK', 'mnicholson@ntelx.com', '2016-04-25 18:24:40');
insert into PARNT_LKUP_CD (PARNT_LKUP_TABL_ID, PARNT_LKUP_CD, LKUP_TABL_ID, LKUP_CD, CRT_USER_ID, CRT_TMSTMP) values (4, 'WA', 5, 'ID', 'mnicholson@ntelx.com', '2016-04-25 18:24:40');
insert into PARNT_LKUP_CD (PARNT_LKUP_TABL_ID, PARNT_LKUP_CD, LKUP_TABL_ID, LKUP_CD, CRT_USER_ID, CRT_TMSTMP) values (4, 'WA', 5, 'OR', 'mnicholson@ntelx.com', '2016-04-25 18:24:40');
insert into PARNT_LKUP_CD (PARNT_LKUP_TABL_ID, PARNT_LKUP_CD, LKUP_TABL_ID, LKUP_CD, CRT_USER_ID, CRT_TMSTMP) values (4, 'WA', 5, 'WA', 'mnicholson@ntelx.com', '2016-04-25 18:24:40');
insert into PARNT_LKUP_CD (PARNT_LKUP_TABL_ID, PARNT_LKUP_CD, LKUP_TABL_ID, LKUP_CD, CRT_USER_ID, CRT_TMSTMP) values (4, 'WI', 5, 'IA', 'mnicholson@ntelx.com', '2016-04-25 18:24:40');
insert into PARNT_LKUP_CD (PARNT_LKUP_TABL_ID, PARNT_LKUP_CD, LKUP_TABL_ID, LKUP_CD, CRT_USER_ID, CRT_TMSTMP) values (4, 'WI', 5, 'IL', 'mnicholson@ntelx.com', '2016-04-25 18:24:40');
insert into PARNT_LKUP_CD (PARNT_LKUP_TABL_ID, PARNT_LKUP_CD, LKUP_TABL_ID, LKUP_CD, CRT_USER_ID, CRT_TMSTMP) values (4, 'WI', 5, 'MI', 'mnicholson@ntelx.com', '2016-04-25 18:24:40');
insert into PARNT_LKUP_CD (PARNT_LKUP_TABL_ID, PARNT_LKUP_CD, LKUP_TABL_ID, LKUP_CD, CRT_USER_ID, CRT_TMSTMP) values (4, 'WI', 5, 'MN', 'mnicholson@ntelx.com', '2016-04-25 18:24:40');
insert into PARNT_LKUP_CD (PARNT_LKUP_TABL_ID, PARNT_LKUP_CD, LKUP_TABL_ID, LKUP_CD, CRT_USER_ID, CRT_TMSTMP) values (4, 'WI', 5, 'WI', 'mnicholson@ntelx.com', '2016-04-25 18:24:40');
insert into PARNT_LKUP_CD (PARNT_LKUP_TABL_ID, PARNT_LKUP_CD, LKUP_TABL_ID, LKUP_CD, CRT_USER_ID, CRT_TMSTMP) values (4, 'WV', 5, 'WV', 'mnicholson@ntelx.com', '2016-04-25 18:24:40');
insert into PARNT_LKUP_CD (PARNT_LKUP_TABL_ID, PARNT_LKUP_CD, LKUP_TABL_ID, LKUP_CD, CRT_USER_ID, CRT_TMSTMP) values (4, 'WY', 5, 'CO', 'mnicholson@ntelx.com', '2016-04-25 18:24:40');
insert into PARNT_LKUP_CD (PARNT_LKUP_TABL_ID, PARNT_LKUP_CD, LKUP_TABL_ID, LKUP_CD, CRT_USER_ID, CRT_TMSTMP) values (4, 'WY', 5, 'ID', 'mnicholson@ntelx.com', '2016-04-25 18:24:40');
insert into PARNT_LKUP_CD (PARNT_LKUP_TABL_ID, PARNT_LKUP_CD, LKUP_TABL_ID, LKUP_CD, CRT_USER_ID, CRT_TMSTMP) values (4, 'WY', 5, 'MT', 'mnicholson@ntelx.com', '2016-04-25 18:24:40');
insert into PARNT_LKUP_CD (PARNT_LKUP_TABL_ID, PARNT_LKUP_CD, LKUP_TABL_ID, LKUP_CD, CRT_USER_ID, CRT_TMSTMP) values (4, 'WY', 5, 'NE', 'mnicholson@ntelx.com', '2016-04-25 18:24:40');
insert into PARNT_LKUP_CD (PARNT_LKUP_TABL_ID, PARNT_LKUP_CD, LKUP_TABL_ID, LKUP_CD, CRT_USER_ID, CRT_TMSTMP) values (4, 'WY', 5, 'SD', 'mnicholson@ntelx.com', '2016-04-25 18:24:40');
insert into PARNT_LKUP_CD (PARNT_LKUP_TABL_ID, PARNT_LKUP_CD, LKUP_TABL_ID, LKUP_CD, CRT_USER_ID, CRT_TMSTMP) values (4, 'WY', 5, 'UT', 'mnicholson@ntelx.com', '2016-04-25 18:24:40');
insert into PARNT_LKUP_CD (PARNT_LKUP_TABL_ID, PARNT_LKUP_CD, LKUP_TABL_ID, LKUP_CD, CRT_USER_ID, CRT_TMSTMP) values (4, 'WY', 5, 'WY', 'mnicholson@ntelx.com', '2016-04-25 18:24:40');
insert into PARNT_LKUP_CD (PARNT_LKUP_TABL_ID, PARNT_LKUP_CD, LKUP_TABL_ID, LKUP_CD, CRT_USER_ID, CRT_TMSTMP) values (6, 'EMAIL', 7, 'HOME', 'mnicholson@ntelx.com', '2016-04-25 18:24:40');
insert into PARNT_LKUP_CD (PARNT_LKUP_TABL_ID, PARNT_LKUP_CD, LKUP_TABL_ID, LKUP_CD, CRT_USER_ID, CRT_TMSTMP) values (6, 'EMAIL', 7, 'PRIM', 'mnicholson@ntelx.com', '2016-04-25 18:24:40');
insert into PARNT_LKUP_CD (PARNT_LKUP_TABL_ID, PARNT_LKUP_CD, LKUP_TABL_ID, LKUP_CD, CRT_USER_ID, CRT_TMSTMP) values (6, 'EMAIL', 7, 'ALT', 'mnicholson@ntelx.com', '2016-04-25 18:24:40');
insert into PARNT_LKUP_CD (PARNT_LKUP_TABL_ID, PARNT_LKUP_CD, LKUP_TABL_ID, LKUP_CD, CRT_USER_ID, CRT_TMSTMP) values (6, 'PHON', 7, 'HOME', 'mnicholson@ntelx.com', '2016-04-25 18:24:40');
insert into PARNT_LKUP_CD (PARNT_LKUP_TABL_ID, PARNT_LKUP_CD, LKUP_TABL_ID, LKUP_CD, CRT_USER_ID, CRT_TMSTMP) values (6, 'PHON', 7, 'PRIM', 'mnicholson@ntelx.com', '2016-04-25 18:24:40');
insert into PARNT_LKUP_CD (PARNT_LKUP_TABL_ID, PARNT_LKUP_CD, LKUP_TABL_ID, LKUP_CD, CRT_USER_ID, CRT_TMSTMP) values (6, 'PHON', 7, 'ALT', 'mnicholson@ntelx.com', '2016-04-25 18:24:40');
insert into PARNT_LKUP_CD (PARNT_LKUP_TABL_ID, PARNT_LKUP_CD, LKUP_TABL_ID, LKUP_CD, CRT_USER_ID, CRT_TMSTMP) values (6, 'PIN', 7, 'CPORT', 'mnicholson@ntelx.com', '2016-04-25 18:24:40');
insert into PARNT_LKUP_CD (PARNT_LKUP_TABL_ID, PARNT_LKUP_CD, LKUP_TABL_ID, LKUP_CD, CRT_USER_ID, CRT_TMSTMP) values (6, 'PASSPHRS', 7, 'CPORT', 'mnicholson@ntelx.com', '2016-04-25 18:24:40');
insert into PARNT_LKUP_CD (PARNT_LKUP_TABL_ID, PARNT_LKUP_CD, LKUP_TABL_ID, LKUP_CD, CRT_USER_ID, CRT_TMSTMP) values (6, 'PASSWD', 7, 'CPORT', 'mnicholson@ntelx.com', '2016-04-25 18:24:40');

/*==============================================================*/
/* Table: geoip_ipv4_net_city                                   */
/*==============================================================*/

/*==============================================================*/
/* Table: model                                                 */
/*==============================================================*/

insert into MODEL (MODEL_CD, MODEL_NAME, MODEL_DESC, CRT_USER_ID, CRT_TMSTMP) values ('APM', 'Analytics & Predictive Modeling', 'Analytics & Predictive Modeling', 'mnicholson@ntelx.com', '2016-06-03 16:16:33');
insert into MODEL (MODEL_CD, MODEL_NAME, MODEL_DESC, CRT_USER_ID, CRT_TMSTMP) values ('IPA', 'IP Address', 'IP Address', 'mnicholson@ntelx.com', '2016-06-03 16:16:33');
insert into MODEL (MODEL_CD, MODEL_NAME, MODEL_DESC, CRT_USER_ID, CRT_TMSTMP) values ('NWC', 'Network Contagion', 'Network Contagion', 'mnicholson@ntelx.com', '2016-06-03 16:16:33');
insert into MODEL (MODEL_CD, MODEL_NAME, MODEL_DESC, CRT_USER_ID, CRT_TMSTMP) values ('QWR', 'Quarterly Work Report', 'Quarterly Work Report', 'mnicholson@ntelx.com', '2016-06-03 16:16:33');
insert into MODEL (MODEL_CD, MODEL_NAME, MODEL_DESC, CRT_USER_ID, CRT_TMSTMP) values ('NHI', 'New Hire', 'New Hire', 'mnicholson@ntelx.com', '2016-06-03 16:16:33');
insert into MODEL (MODEL_CD, MODEL_NAME, MODEL_DESC, CRT_USER_ID, CRT_TMSTMP) values ('PIM', 'PII Matching', 'PII Matching', 'mnicholson@ntelx.com', '2016-06-03 16:16:33');
insert into MODEL (MODEL_CD, MODEL_NAME, MODEL_DESC, CRT_USER_ID, CRT_TMSTMP) values ('SOM', 'Self Organizing Map', 'Self Organizing Map', 'mnicholson@ntelx.com', '2016-06-03 16:16:33');
insert into MODEL (MODEL_CD, MODEL_NAME, MODEL_DESC, CRT_USER_ID, CRT_TMSTMP) values ('SVM', 'Support Vector Machine', 'Support Vector Machine', 'mnicholson@ntelx.com', '2016-06-03 16:16:33');
insert into MODEL (MODEL_CD, MODEL_NAME, MODEL_DESC, CRT_USER_ID, CRT_TMSTMP) values ('KNN', 'k-Nearest Neighbor', 'k-Nearest Neighbor', 'mnicholson@ntelx.com', '2016-06-03 16:16:33');
insert into MODEL (MODEL_CD, MODEL_NAME, MODEL_DESC, CRT_USER_ID, CRT_TMSTMP) values ('RFA', 'Random Forest Algorithm', 'Random Forest Algorithm', 'mnicholson@ntelx.com', '2016-06-03 16:16:33');

/*==============================================================*/
/* Table: script                                                */
/*==============================================================*/

insert into SCRIPT (SCRIPT_ID, SCRIPT_NAME, SCRIPT_DESC, SCRIPT_FILENAME, SCRIPT_TYPE_CD, SCRIPT_LANG_CD, RUN_FLAG, RUN_SEQ, CRT_USER_ID, CRT_TMSTMP) values (1, 'Shared IP', 'Shared IP', 'sharing_ip.sql', 'MODX', 'SQL', TRUE, 1, 'bmorrison@ntelx.com', '2016-04-25 18:25:41');
insert into SCRIPT (SCRIPT_ID, SCRIPT_NAME, SCRIPT_DESC, SCRIPT_FILENAME, SCRIPT_TYPE_CD, SCRIPT_LANG_CD, RUN_FLAG, RUN_SEQ, CRT_USER_ID, CRT_TMSTMP) values (2, 'Changing IP', 'Changing IP', 'changing_ip.sql', 'MODX', 'SQL', TRUE, 2, 'bmorrison@ntelx.com', '2016-04-25 18:25:41');
insert into SCRIPT (SCRIPT_ID, SCRIPT_NAME, SCRIPT_DESC, SCRIPT_FILENAME, SCRIPT_TYPE_CD, SCRIPT_LANG_CD, RUN_FLAG, RUN_SEQ, CRT_USER_ID, CRT_TMSTMP) values (3, 'Claimant Location Risk', 'Claimant Location Risk', 'clmt_ip_location_score.sql', 'MODX', 'SQL', TRUE, 3, 'bmorrison@ntelx.com', '2016-04-25 18:25:41');
insert into SCRIPT (SCRIPT_ID, SCRIPT_NAME, SCRIPT_DESC, SCRIPT_FILENAME, SCRIPT_TYPE_CD, SCRIPT_LANG_CD, RUN_FLAG, RUN_SEQ, CRT_USER_ID, CRT_TMSTMP) values (4, 'Employer Location Risk', 'Employer Location Risk', 'clmt_sharing_ips_with_employer_score.sql', 'MODX', 'SQL', TRUE, 4, 'bmorrison@ntelx.com', '2016-04-25 18:25:41');
insert into SCRIPT (SCRIPT_ID, SCRIPT_NAME, SCRIPT_DESC, SCRIPT_FILENAME, SCRIPT_TYPE_CD, SCRIPT_LANG_CD, RUN_FLAG, RUN_SEQ, CRT_USER_ID, CRT_TMSTMP) values (5, 'New Hire', 'New Hire', 'NHI;"NewHireScore.sql', 'MODX', 'SQL', TRUE, 5, 'bmorrison@ntelx.com', '2016-04-25 18:25:41');
insert into SCRIPT (SCRIPT_ID, SCRIPT_NAME, SCRIPT_DESC, SCRIPT_FILENAME, SCRIPT_TYPE_CD, SCRIPT_LANG_CD, RUN_FLAG, RUN_SEQ, CRT_USER_ID, CRT_TMSTMP) values (6, 'QWR', 'QWR', 'QWR Score.sql', 'MODX', 'SQL', TRUE, 6, 'bmorrison@ntelx.com', '2016-04-25 18:25:41');
insert into SCRIPT (SCRIPT_ID, SCRIPT_NAME, SCRIPT_DESC, SCRIPT_FILENAME, SCRIPT_TYPE_CD, SCRIPT_LANG_CD, RUN_FLAG, RUN_SEQ, CRT_USER_ID, CRT_TMSTMP) values (7, 'NWC', 'Network Contagion', 'nwc.R', 'MODX', 'R', TRUE, 7, 'bmorrison@ntelx.com', '2016-04-25 18:25:41');
insert into SCRIPT (SCRIPT_ID, SCRIPT_NAME, SCRIPT_DESC, SCRIPT_FILENAME, SCRIPT_TYPE_CD, SCRIPT_LANG_CD, RUN_FLAG, RUN_SEQ, CRT_USER_ID, CRT_TMSTMP) values (8, 'KNN', 'k Nearest Neighbour', 'knn.R', 'MODX', 'R', TRUE, 8, 'bmorrison@ntelx.com', '2016-04-25 18:25:41');
insert into SCRIPT (SCRIPT_ID, SCRIPT_NAME, SCRIPT_DESC, SCRIPT_FILENAME, SCRIPT_TYPE_CD, SCRIPT_LANG_CD, RUN_FLAG, RUN_SEQ, CRT_USER_ID, CRT_TMSTMP) values (9, 'RFA', 'Random Forest Algorithm', 'rfa.R', 'MODX', 'R', TRUE, 9, 'bmorrison@ntelx.com', '2016-04-25 18:25:41');
insert into SCRIPT (SCRIPT_ID, SCRIPT_NAME, SCRIPT_DESC, SCRIPT_FILENAME, SCRIPT_TYPE_CD, SCRIPT_LANG_CD, RUN_FLAG, RUN_SEQ, CRT_USER_ID, CRT_TMSTMP) values (10, 'SOM', 'SOM', 'som.R', 'MODX', 'R', TRUE, 10, 'bmorrison@ntelx.com', '2016-04-25 18:25:41');
insert into SCRIPT (SCRIPT_ID, SCRIPT_NAME, SCRIPT_DESC, SCRIPT_FILENAME, SCRIPT_TYPE_CD, SCRIPT_LANG_CD, RUN_FLAG, RUN_SEQ, CRT_USER_ID, CRT_TMSTMP) values (11, 'SVM', 'SVM', 'svm.R', 'MODX', 'R', TRUE, 11, 'bmorrison@ntelx.com', '2016-04-25 18:25:41');
insert into SCRIPT (SCRIPT_ID, SCRIPT_NAME, SCRIPT_DESC, SCRIPT_FILENAME, SCRIPT_TYPE_CD, SCRIPT_LANG_CD, RUN_FLAG, RUN_SEQ, CRT_USER_ID, CRT_TMSTMP) values (12, 'Claimant Benefit Aggregation', 'Claimant Benefit Aggregation', 'aggr_claimt_benf.sql', 'AGGR', 'SQL', TRUE, 1, 'bmorrison@ntelx.com', '2016-04-25 18:25:41');
insert into SCRIPT (SCRIPT_ID, SCRIPT_NAME, SCRIPT_DESC, SCRIPT_FILENAME, SCRIPT_TYPE_CD, SCRIPT_LANG_CD, RUN_FLAG, RUN_SEQ, CRT_USER_ID, CRT_TMSTMP) values (13, 'New Hire Aggregation', 'New Hire Aggregation', 'aggr_claimt_new_hire.sql', 'AGGR', 'SQL', TRUE, 2, 'bmorrison@ntelx.com', '2016-04-25 18:25:41');
insert into SCRIPT (SCRIPT_ID, SCRIPT_NAME, SCRIPT_DESC, SCRIPT_FILENAME, SCRIPT_TYPE_CD, SCRIPT_LANG_CD, RUN_FLAG, RUN_SEQ, CRT_USER_ID, CRT_TMSTMP) values (14, 'QWR Aggregation', 'QWR Aggregation', 'aggr_claimt_wage_rept.sql', 'AGGR', 'SQL', TRUE, 3, 'bmorrison@ntelx.com', '2016-04-25 18:25:41');
insert into SCRIPT (SCRIPT_ID, SCRIPT_NAME, SCRIPT_DESC, SCRIPT_FILENAME, SCRIPT_TYPE_CD, SCRIPT_LANG_CD, RUN_FLAG, RUN_SEQ, CRT_USER_ID, CRT_TMSTMP) values (15, 'Employer History Aggregation', 'Employer History Aggregation', 'aggr_claimt_emplr_hist.sql', 'AGGR', 'SQL', TRUE, 4, 'bmorrison@ntelx.com', '2016-04-25 18:25:41');
insert into SCRIPT (SCRIPT_ID, SCRIPT_NAME, SCRIPT_DESC, SCRIPT_FILENAME, SCRIPT_TYPE_CD, SCRIPT_LANG_CD, RUN_FLAG, RUN_SEQ, CRT_USER_ID, CRT_TMSTMP) values (16, 'Overpayment Aggregation', 'Overpayment Aggregation', 'aggr_claimt_ovpaymt.sql', 'AGGR', 'SQL', TRUE, 5, 'bmorrison@ntelx.com', '2016-04-25 18:25:41');
insert into SCRIPT (SCRIPT_ID, SCRIPT_NAME, SCRIPT_DESC, SCRIPT_FILENAME, SCRIPT_TYPE_CD, SCRIPT_LANG_CD, RUN_FLAG, RUN_SEQ, CRT_USER_ID, CRT_TMSTMP) values (17, 'Claimant Session Aggregation', 'Claimant Session Aggregation', 'aggr_claimt_sessn.sql', 'AGGR', 'SQL', TRUE, 6, 'bmorrison@ntelx.com', '2016-04-25 18:25:41');
insert into SCRIPT (SCRIPT_ID, SCRIPT_NAME, SCRIPT_DESC, SCRIPT_FILENAME, SCRIPT_TYPE_CD, SCRIPT_LANG_CD, RUN_FLAG, RUN_SEQ, CRT_USER_ID, CRT_TMSTMP) values (18, 'Employer Session Aggregation', 'Employer Session Aggregation', 'aggr_emplr_sessn.sql', 'AGGR', 'SQL', TRUE, 7, 'bmorrison@ntelx.com', '2016-04-25 18:25:41');
insert into SCRIPT (SCRIPT_ID, SCRIPT_NAME, SCRIPT_DESC, SCRIPT_FILENAME, SCRIPT_TYPE_CD, SCRIPT_LANG_CD, RUN_FLAG, RUN_SEQ, CRT_USER_ID, CRT_TMSTMP) values (19, 'Claimant Attribute Aggregation', 'Claimant Attribute Aggregation', 'aggr_shared_claimt_attr.sql', 'AGGR', 'SQL', TRUE, 8, 'bmorrison@ntelx.com', '2016-04-25 18:25:41');
insert into SCRIPT (SCRIPT_ID, SCRIPT_NAME, SCRIPT_DESC, SCRIPT_FILENAME, SCRIPT_TYPE_CD, SCRIPT_LANG_CD, RUN_FLAG, RUN_SEQ, CRT_USER_ID, CRT_TMSTMP) values (20, 'Claimant Attribute Edge List', 'Claimant Attribute Edge List', 'aggr_claimt_shared_attr_edges.sql', 'AGGR', 'SQL', TRUE, 9, 'bmorrison@ntelx.com', '2016-04-25 18:25:41');

/*==============================================================*/
/* Table: model_script                                          */
/*==============================================================*/

insert into MODEL_SCRIPT (MODEL_CD, SCRIPT_ID, CRT_USER_ID, CRT_TMSTMP) values ('IPA', 1, 'bmorrison@ntelx.com', '2016-04-25 18:26:18');
insert into MODEL_SCRIPT (MODEL_CD, SCRIPT_ID, CRT_USER_ID, CRT_TMSTMP) values ('IPA', 2, 'bmorrison@ntelx.com', '2016-04-25 18:26:18');
insert into MODEL_SCRIPT (MODEL_CD, SCRIPT_ID, CRT_USER_ID, CRT_TMSTMP) values ('IPA', 3, 'bmorrison@ntelx.com', '2016-04-25 18:26:18');
insert into MODEL_SCRIPT (MODEL_CD, SCRIPT_ID, CRT_USER_ID, CRT_TMSTMP) values ('IPA', 4, 'bmorrison@ntelx.com', '2016-04-25 18:26:18');
insert into MODEL_SCRIPT (MODEL_CD, SCRIPT_ID, CRT_USER_ID, CRT_TMSTMP) values ('NHI', 5, 'bmorrison@ntelx.com', '2016-04-25 18:26:18');
insert into MODEL_SCRIPT (MODEL_CD, SCRIPT_ID, CRT_USER_ID, CRT_TMSTMP) values ('QWR', 6, 'bmorrison@ntelx.com', '2016-04-25 18:26:18');
insert into MODEL_SCRIPT (MODEL_CD, SCRIPT_ID, CRT_USER_ID, CRT_TMSTMP) values ('NWC', 7, 'bmorrison@ntelx.com', '2016-04-25 18:26:18');
insert into MODEL_SCRIPT (MODEL_CD, SCRIPT_ID, CRT_USER_ID, CRT_TMSTMP) values ('KNN', 8, 'bmorrison@ntelx.com', '2016-04-25 18:26:18');
insert into MODEL_SCRIPT (MODEL_CD, SCRIPT_ID, CRT_USER_ID, CRT_TMSTMP) values ('RFA', 9, 'bmorrison@ntelx.com', '2016-04-25 18:26:18');
insert into MODEL_SCRIPT (MODEL_CD, SCRIPT_ID, CRT_USER_ID, CRT_TMSTMP) values ('SOM', 10, 'bmorrison@ntelx.com', '2016-04-25 18:26:18');
insert into MODEL_SCRIPT (MODEL_CD, SCRIPT_ID, CRT_USER_ID, CRT_TMSTMP) values ('SVM', 11, 'bmorrison@ntelx.com', '2016-04-25 18:26:18');
insert into MODEL_SCRIPT (MODEL_CD, SCRIPT_ID, CRT_USER_ID, CRT_TMSTMP) values ('IPA', 17, 'bmorrison@ntelx.com', '2016-04-25 18:26:18');
insert into MODEL_SCRIPT (MODEL_CD, SCRIPT_ID, CRT_USER_ID, CRT_TMSTMP) values ('IPA', 18, 'bmorrison@ntelx.com', '2016-04-25 18:26:18');
insert into MODEL_SCRIPT (MODEL_CD, SCRIPT_ID, CRT_USER_ID, CRT_TMSTMP) values ('QWR', 14, 'bmorrison@ntelx.com', '2016-04-25 18:26:18');
insert into MODEL_SCRIPT (MODEL_CD, SCRIPT_ID, CRT_USER_ID, CRT_TMSTMP) values ('QWR', 12, 'bmorrison@ntelx.com', '2016-04-25 18:26:18');
insert into MODEL_SCRIPT (MODEL_CD, SCRIPT_ID, CRT_USER_ID, CRT_TMSTMP) values ('NHI', 12, 'bmorrison@ntelx.com', '2016-04-25 18:26:18');
insert into MODEL_SCRIPT (MODEL_CD, SCRIPT_ID, CRT_USER_ID, CRT_TMSTMP) values ('NHI', 13, 'bmorrison@ntelx.com', '2016-04-25 18:26:18');
insert into MODEL_SCRIPT (MODEL_CD, SCRIPT_ID, CRT_USER_ID, CRT_TMSTMP) values ('NWC', 19, 'bmorrison@ntelx.com', '2016-04-25 18:26:18');
insert into MODEL_SCRIPT (MODEL_CD, SCRIPT_ID, CRT_USER_ID, CRT_TMSTMP) values ('NWC', 20, 'bmorrison@ntelx.com', '2016-04-25 18:26:18');
insert into MODEL_SCRIPT (MODEL_CD, SCRIPT_ID, CRT_USER_ID, CRT_TMSTMP) values ('NWC', 15, 'bmorrison@ntelx.com', '2016-04-25 18:26:18');
insert into MODEL_SCRIPT (MODEL_CD, SCRIPT_ID, CRT_USER_ID, CRT_TMSTMP) values ('SOM', 12, 'bmorrison@ntelx.com', '2016-04-25 18:26:18');
insert into MODEL_SCRIPT (MODEL_CD, SCRIPT_ID, CRT_USER_ID, CRT_TMSTMP) values ('SOM', 16, 'bmorrison@ntelx.com', '2016-04-25 18:26:18');
insert into MODEL_SCRIPT (MODEL_CD, SCRIPT_ID, CRT_USER_ID, CRT_TMSTMP) values ('SVM', 12, 'bmorrison@ntelx.com', '2016-04-25 18:26:18');
insert into MODEL_SCRIPT (MODEL_CD, SCRIPT_ID, CRT_USER_ID, CRT_TMSTMP) values ('SVM', 16, 'bmorrison@ntelx.com', '2016-04-25 18:26:18');
insert into MODEL_SCRIPT (MODEL_CD, SCRIPT_ID, CRT_USER_ID, CRT_TMSTMP) values ('RFA', 12, 'bmorrison@ntelx.com', '2016-04-25 18:26:18');
insert into MODEL_SCRIPT (MODEL_CD, SCRIPT_ID, CRT_USER_ID, CRT_TMSTMP) values ('RFA', 16, 'bmorrison@ntelx.com', '2016-04-25 18:26:18');
insert into MODEL_SCRIPT (MODEL_CD, SCRIPT_ID, CRT_USER_ID, CRT_TMSTMP) values ('KNN', 12, 'bmorrison@ntelx.com', '2016-04-25 18:26:18');
insert into MODEL_SCRIPT (MODEL_CD, SCRIPT_ID, CRT_USER_ID, CRT_TMSTMP) values ('KNN', 16, 'bmorrison@ntelx.com', '2016-04-25 18:26:18');

/*==============================================================*/
/* Table: model_parm                                            */
/*==============================================================*/

insert into MODEL_PARM (MODEL_CD, PARM_CD, CRT_USER_ID, CRT_TMSTMP) values ('IPA', 'IP_CHANGE_MIN_NUM', 'bmorrison@ntelx.com', '2016-04-25 18:26:49');
insert into MODEL_PARM (MODEL_CD, PARM_CD, CRT_USER_ID, CRT_TMSTMP) values ('IPA', 'IP_DECAY_FACTOR', 'bmorrison@ntelx.com', '2016-04-25 18:26:49');
insert into MODEL_PARM (MODEL_CD, PARM_CD, CRT_USER_ID, CRT_TMSTMP) values ('IPA', 'IP_MIN_USERS', 'bmorrison@ntelx.com', '2016-04-25 18:26:49');
insert into MODEL_PARM (MODEL_CD, PARM_CD, CRT_USER_ID, CRT_TMSTMP) values ('IPA', 'AGGR_CLAIMT_SESSN_MON_CNT', 'mnicholson@ntelx.com', '2016-04-25 18:26:49');

/*==============================================================*/
/* Table: score                                                 */
/*==============================================================*/

insert into SCORE (SCORE_CD, SCORE_NAME, SCORE_DESC, MODEL_CD, ENTY_TYPE_CD, SCORE_LVL_NUM, CRT_USER_ID, CRT_TMSTMP) values ('CLA_RISK', 'Normalized Claimant Risk', 'Overall risk score assigned to a Claimant based on the Shared IP, Changing IP, Contagion Risk, Claimant Location Risk, New Hire Risk, Employer Location Risk, and QWR Scores.', 'APM', 'CLAIMT', 1, 'mnicholson@ntelx.com', '2016-06-03 16:17:16');
insert into SCORE (SCORE_CD, SCORE_NAME, SCORE_DESC, MODEL_CD, PARNT_SCORE_CD, ENTY_TYPE_CD, SCORE_LVL_NUM, CURR_SCORE_WGT_VAL, CRT_USER_ID, CRT_TMSTMP) values ('IPA_SHIP', 'Shared IP', 'IP Addresses that have been shared by multiple unique users are more risky. A score of 0-100 is assigned based on the number of unique users with which a Claimant''s IP Address has been used. In order to receive a non-zero score, the Claimant must have shared an IP Address with another Claimant in the same Claim week. A score of “5” indicates that the Claimant is in the bottom 5th percentile for the number of unique users sharing their IP Address. A score of “10” indicates that the Claimant is in the 5th – 10th percentile for number of unique users sharing their IP Address, and so on up to a score of 100.', 'IPA', 'CLA_RISK', 'CLAIMT', 2, 100, 'mnicholson@ntelx.com', '2016-06-03 16:17:16');
insert into SCORE (SCORE_CD, SCORE_NAME, SCORE_DESC, MODEL_CD, PARNT_SCORE_CD, ENTY_TYPE_CD, SCORE_LVL_NUM, CURR_SCORE_WGT_VAL, CRT_USER_ID, CRT_TMSTMP) values ('IPA_CHIP', 'Changing IP', 'Claimants who file claims from different IP Addresses (ostensibly indicating a change in their filing location) are more risky. A score of 0-100 is assigned based on the number of unique IP Addresses a Claimant has filed from. For an IP Address to be considered “different” from another, it must different on at least the third series of period-separated numbers (i.e. 10.293.122.139 and 10.293.122.80 would not be flagged as different IPs, but 10.293.122.139 and 10.293.173.80 would be considered different). A score of “5” indicates that the Claimant is in the bottom 5th percentile for number of IP Address changes. A Score of “10” indicates that the Claimant is in the 5th-10th percentile for number of IP Address changes, and so on, up to a score of 100.', 'IPA', 'CLA_RISK', 'CLAIMT', 2, 100, 'mnicholson@ntelx.com', '2016-06-03 16:17:16');
insert into SCORE (SCORE_CD, SCORE_NAME, SCORE_DESC, MODEL_CD, PARNT_SCORE_CD, ENTY_TYPE_CD, SCORE_LVL_NUM, CURR_SCORE_WGT_VAL, CRT_USER_ID, CRT_TMSTMP) values ('IPA_CLR', 'Claimant Location Risk', 'Based on the knowledge that Claims filed farther away from the Filing State are more risky than those filed within the Filing state, the Location Risk score assigns risk based on the geolocation of the IP Address from which the Claim was filed. In order to receive a score, a Claimant’s IP Location (at the state level) MUST different from the address they have on file. The scoring is performed as follows:
• If a Claimant files a Claim from a different state than was listed in their file and they are outside the US (at least once): 100
• If a Claimant files a Claim from a different state than was listed in their file and they are inside the US but outside the filing state and neighboring states (at least once): 50
• If a Claimant files a Claim from a different state than was listed in their file and they are inside the US AND in the local area (all the time): 25
• If a Claimant has always filed from the same state that was listed in their file: 0', 'IPA', 'CLA_RISK', 'CLAIMT', 2, 100, 'mnicholson@ntelx.com', '2016-06-03 16:17:16');
insert into SCORE (SCORE_CD, SCORE_NAME, SCORE_DESC, MODEL_CD, PARNT_SCORE_CD, ENTY_TYPE_CD, SCORE_LVL_NUM, CURR_SCORE_WGT_VAL, CRT_USER_ID, CRT_TMSTMP) values ('IPA_ELR', 'Employer Location Risk', 'Risk based on whether the IP Address from which the Claimant filed, was previously used by an Employer. A score of “0” indicates that the Claimant has never filed from an IP Address associated with an Employer. A score of “100” indicates that a Claimant has previously filed from an IP Address associated with an Employer.', 'IPA', 'CLA_RISK', 'CLAIMT', 2, 100, 'mnicholson@ntelx.com', '2016-06-03 16:17:16');
insert into SCORE (SCORE_CD, SCORE_NAME, SCORE_DESC, MODEL_CD, PARNT_SCORE_CD, ENTY_TYPE_CD, SCORE_LVL_NUM, CRT_USER_ID, CRT_TMSTMP) values ('IPA_SHIP_ALL', 'Shared IP All', 'Shared IP All', 'IPA', 'IPA_SHIP', 'CLAIMT', 3, 'bmorrison@ntelx.com', '2016-06-03 16:17:16');
insert into SCORE (SCORE_CD, SCORE_NAME, SCORE_DESC, MODEL_CD, PARNT_SCORE_CD, ENTY_TYPE_CD, SCORE_LVL_NUM, CRT_USER_ID, CRT_TMSTMP) values ('IPA_SHIP_PERD', 'Shared IP Period', 'Shared IP Period', 'IPA', 'IPA_SHIP', 'CLAIMT', 3, 'bmorrison@ntelx.com', '2016-06-03 16:17:16');
insert into SCORE (SCORE_CD, SCORE_NAME, SCORE_DESC, MODEL_CD, PARNT_SCORE_CD, ENTY_TYPE_CD, SCORE_LVL_NUM, CRT_USER_ID, CRT_TMSTMP) values ('IPA_SHIP_RAW', 'Shared IP Raw', 'Shared IP Raw', 'IPA', 'IPA_SHIP', 'CLAIMT', 3, 'bmorrison@ntelx.com', '2016-06-03 16:17:16');
insert into SCORE (SCORE_CD, SCORE_NAME, SCORE_DESC, MODEL_CD, PARNT_SCORE_CD, ENTY_TYPE_CD, SCORE_LVL_NUM, CRT_USER_ID, CRT_TMSTMP) values ('IPA_SHIP_TIME', 'Shared IP Time', 'Shared IP Time', 'IPA', 'IPA_SHIP', 'CLAIMT', 3, 'bmorrison@ntelx.com', '2016-06-03 16:17:16');
insert into SCORE (SCORE_CD, SCORE_NAME, SCORE_DESC, MODEL_CD, PARNT_SCORE_CD, ENTY_TYPE_CD, SCORE_LVL_NUM, CRT_USER_ID, CRT_TMSTMP) values ('IPA_ELR_TOT', 'Employer Location Risk Total', 'Employer Location Risk Total', 'IPA', 'IPA_ELR', 'CLAIMT', 3, 'bmorrison@ntelx.com', '2016-06-03 16:17:16');
insert into SCORE (SCORE_CD, SCORE_NAME, SCORE_DESC, MODEL_CD, PARNT_SCORE_CD, ENTY_TYPE_CD, SCORE_LVL_NUM, CRT_USER_ID, CRT_TMSTMP) values ('IPA_ELR_PCT', 'Employer Location Risk Percentage', 'Employer Location Risk Percentage', 'IPA', 'IPA_ELR', 'CLAIMT', 3, 'bmorrison@ntelx.com', '2016-06-03 16:17:16');
insert into SCORE (SCORE_CD, SCORE_NAME, SCORE_DESC, MODEL_CD, PARNT_SCORE_CD, ENTY_TYPE_CD, SCORE_LVL_NUM, CURR_SCORE_WGT_VAL, CRT_USER_ID, CRT_TMSTMP) values ('NWC_COR', 'Contagion Risk', 'This score assigns risk to Employees of a company based on the ration of known fraudsters to total Employees at that Company. Scores are normalized to a 0-100 scale, and time decayed exponentially. A high score indicates a Claimant who has a very risky work history in the recent past.', 'NWC', 'CLA_RISK', 'CLAIMT', 2, 100, 'mnicholson@ntelx.com', '2016-06-03 16:17:16');
insert into SCORE (SCORE_CD, SCORE_NAME, SCORE_DESC, MODEL_CD, PARNT_SCORE_CD, ENTY_TYPE_CD, SCORE_LVL_NUM, CURR_SCORE_WGT_VAL, CRT_USER_ID, CRT_TMSTMP) values ('NHI_NHR', 'New Hire Risk', 'The percentage of the Weekly Benefit Amount (WBA) that an individual receives in benefits within two months of appearing on the list of New Hires. ', 'NHI', 'CLA_RISK', 'CLAIMT', 2, 100, 'mnicholson@ntelx.com', '2016-06-03 16:17:16');
insert into SCORE (SCORE_CD, SCORE_NAME, SCORE_DESC, MODEL_CD, PARNT_SCORE_CD, ENTY_TYPE_CD, SCORE_LVL_NUM, CURR_SCORE_WGT_VAL, CRT_USER_ID, CRT_TMSTMP) values ('QWR_QWR', 'QWR', 'This score compares a Claimant''s wages (as reported by Employers) against the Claimant''s reported earnings. Higher scores are associated with a larger difference between the two, taking into account the number of claimed weeks, and also slightly raising the score for $0 earnings weeks.', 'QWR', 'CLA_RISK', 'CLAIMT', 2, 100, 'mnicholson@ntelx.com', '2016-06-03 16:17:16');
insert into SCORE (SCORE_CD, SCORE_NAME, SCORE_DESC, MODEL_CD, PARNT_SCORE_CD, ENTY_TYPE_CD, SCORE_LVL_NUM, CURR_SCORE_WGT_VAL, CRT_USER_ID, CRT_TMSTMP) values ('SOM_SOM', 'Self Organizing Map', 'Self Organizing Map Score', 'SOM', 'CLA_RISK', 'CLAIMT', 2, 100, 'bmorrison@ntelx.com', '2016-06-03 16:17:16');
insert into SCORE (SCORE_CD, SCORE_NAME, SCORE_DESC, MODEL_CD, PARNT_SCORE_CD, ENTY_TYPE_CD, SCORE_LVL_NUM, CURR_SCORE_WGT_VAL, CRT_USER_ID, CRT_TMSTMP) values ('SVM_SVM', 'Support Vector Machine', 'Support Vector Machine Score', 'SVM', 'CLA_RISK', 'CLAIMT', 2, 100, 'bmorrison@ntelx.com', '2016-06-03 16:17:16');
insert into SCORE (SCORE_CD, SCORE_NAME, SCORE_DESC, MODEL_CD, PARNT_SCORE_CD, ENTY_TYPE_CD, SCORE_LVL_NUM, CURR_SCORE_WGT_VAL, CRT_USER_ID, CRT_TMSTMP) values ('KNN_KNN', 'k-Nearest Neighbor', 'k-Nearest Neighbor Score', 'KNN', 'CLA_RISK', 'CLAIMT', 2, 100, 'bmorrison@ntelx.com', '2016-06-03 16:17:16');
insert into SCORE (SCORE_CD, SCORE_NAME, SCORE_DESC, MODEL_CD, PARNT_SCORE_CD, ENTY_TYPE_CD, SCORE_LVL_NUM, CURR_SCORE_WGT_VAL, CRT_USER_ID, CRT_TMSTMP) values ('RF_RF', 'Random Forest', 'Random Forest Score', 'RFA', 'CLA_RISK', 'CLAIMT', 2, 100, 'bmorrison@ntelx.com', '2016-06-03 16:17:16');

/*==============================================================*/
/* Table: flag                                                  */
/*==============================================================*/

